[{"id":"11","title":"AGRI_GRADE 7 TERM 2.docx","category_id":"4","level_id":"7","grade_id":"25","term_id":"74","price":"30","filename":"lesson-plans\/junior-secondary\/grade-7\/term-2\/1751455080_AGRI_GRADE7TERM2.docx","description":"AGRI_GRADE 7 TERM 2.docx","hits":"3","date_uploaded":"2025-07-02 11:18:00"},{"id":"12","title":"CRE G9 LP T2 CRE.docx","category_id":"4","level_id":"7","grade_id":"27","term_id":"80","price":"20","filename":"lesson-plans\/junior-secondary\/grade-9\/term-2\/1751455151_CREG9LPT2CRE.docx","description":"CRE G9 LP T2 CRE.docx","hits":"0","date_uploaded":"2025-07-02 11:19:11"},{"id":"13","title":"CRE LP G4.docx","category_id":"4","level_id":"6","grade_id":"22","term_id":"65","price":"10","filename":"lesson-plans\/upper-primary\/grade-4\/term-2\/1751455227_CRELPG4.docx","description":"CRE LP G4.docx","hits":"0","date_uploaded":"2025-07-02 11:20:27"},{"id":"14","title":"CRE LP G5-wwwschemes.co.ke.docx","category_id":"4","level_id":"6","grade_id":"23","term_id":"68","price":"20","filename":"lesson-plans\/upper-primary\/grade-5\/term-2\/1751455305_CRELPG5WWW.SCHEMES.CO.KE.docx","description":"CRE LP G5 WWW.SCHEMES.CO.KE.docx","hits":"0","date_uploaded":"2025-07-02 11:21:45"},{"id":"15","title":"grade-7-klb-english-schemes-of-work-term-2-.docx","category_id":"1","level_id":"44","grade_id":"156","term_id":"","price":"20","filename":"schemes-of-work\/junior-secondary\/grade-7\/1751481290_grade-7-klb-english-schemes-of-work-term-2-10.docx","description":"grade-7-klb-english-schemes-of-work-term-2.docx","hits":"0","date_uploaded":"2025-07-02 18:34:50"},{"id":"16","title":"Grade-7-klb-kiswahili-schemes-of-work-term-2.docx","category_id":"1","level_id":"44","grade_id":"156","term_id":"","price":"30","filename":"schemes-of-work\/junior-secondary\/grade-7\/1751481453_Grade-7-klb-kiswahili-schemes-of-work-term-20.docx","description":"Grade-7-klb-kiswahili-schemes-of-work-term-2(0).docx","hits":"0","date_uploaded":"2025-07-02 18:37:33"},{"id":"17","title":"Grade-7-klb-top-scholar-cre-schemes-of-work-term-2.docx","category_id":"1","level_id":"44","grade_id":"156","term_id":"","price":"30","filename":"schemes-of-work\/junior-secondary\/grade-7\/1751481623_Grade-7-klb-top-scholar-cre-schemes-of-work-term-2.docx","description":"Grade-7-klb-top-scholar-cre-schemes-of-work-term-2.docx","hits":"0","date_uploaded":"2025-07-02 18:40:23"},{"id":"18","title":"Grade-7-mathematics-scheme-of-work-term-2--story-moja(0).docx","category_id":"1","level_id":"44","grade_id":"156","term_id":"","price":"39","filename":"schemes-of-work\/junior-secondary\/grade-7\/1751481704_Grade-7-mathematics-scheme-of-work-term-2--story-moja0.docx","description":"Grade-7-mathematics-scheme-of-work-term-2--story-moja(0).docx","hits":"0","date_uploaded":"2025-07-02 18:41:44"},{"id":"19","title":"grade-7-mathematics-schemes-of-work-term-1-mentor.docx","category_id":"1","level_id":"44","grade_id":"156","term_id":"","price":"30","filename":"schemes-of-work\/junior-secondary\/grade-7\/1751481776_grade-7-mathematics-schemes-of-work-term-1-mentor.docx","description":"grade-7-mathematics-schemes-of-work-term-1-mentor.docx","hits":"0","date_uploaded":"2025-07-02 18:42:56"},{"id":"20","title":"grade-7-rationalised-pre-technical-schemes-of-work-term-2-klb-1(0).doc","category_id":"1","level_id":"44","grade_id":"156","term_id":"","price":"39","filename":"schemes-of-work\/junior-secondary\/grade-7\/1751481872_grade-7-rationalised-pre-technical-schemes-of-work-term-2-klb-10.doc","description":"grade-7-rationalised-pre-technical-schemes-of-work-term-2-klb-1(0).doc\r\n\r\nSize: 158.5 KB\r\n\r\nType: application\/msword","hits":"0","date_uploaded":"2025-07-02 18:44:32"},{"id":"21","title":"Grade-7-rationalised-social-studies-schemes-of-work-term-2","category_id":"1","level_id":"44","grade_id":"156","term_id":"","price":"39","filename":"schemes-of-work\/junior-secondary\/grade-7\/1751481936_Grade-7-rationalised-social-studies-schemes-of-work-term-20.docx","description":"Grade-7-rationalised-social-studies-schemes-of-work-term-2\r\n\r\nSize: 158.5 KB\r\n\r\nType: application\/msword","hits":"0","date_uploaded":"2025-07-02 18:45:36"},{"id":"22","title":"grade-7-rationalized-agriculture-and-nutrition-schemes-of-work-term-2-updated","category_id":"1","level_id":"44","grade_id":"156","term_id":"","price":"39","filename":"schemes-of-work\/junior-secondary\/grade-7\/1751482006_grade-7-rationalized-agriculture-and-nutrition-schemes-of-work-term-2-updated0.docx","description":"grade-7-rationalized-agriculture-and-nutrition-schemes-of-work-term-2-updated\r\nSize: 158.5 KB\r\n\r\nType: application\/msword","hits":"0","date_uploaded":"2025-07-02 18:46:46"},{"id":"23","title":"grade-7-rationalized-creative-arts-and-sports-schemes-of-work-term-2","category_id":"1","level_id":"44","grade_id":"156","term_id":"","price":"30","filename":"schemes-of-work\/junior-secondary\/grade-7\/1751482081_grade-7-rationalized-creative-arts-and-sports-schemes-of-work-term-20.docx","description":"grade-7-rationalized-creative-arts-and-sports-schemes-of-work-term-2\r\n\r\nType: application\/msword","hits":"3","date_uploaded":"2025-07-02 18:48:01"},{"id":"24","title":"Grade-7-skills-in-english-schemes-of-work-term-2","category_id":"1","level_id":"44","grade_id":"156","term_id":"","price":"30","filename":"schemes-of-work\/junior-secondary\/grade-7\/1751482165_Grade-7-skills-in-english-schemes-of-work-term-2.docx","description":"Grade-7-skills-in-english-schemes-of-work-term-2.docx","hits":"2","date_uploaded":"2025-07-02 18:49:25"},{"id":"15","title":"GRADE 1 TERM 2 CRE SCHEMES .docx","category_id":"1","level_id":"42","grade_id":"150","term_id":"","price":"20","filename":"schemes-of-work\/lower-primary\/grade-1\/1751893664_GRADE1TERM2CRESCHEMES1.docx","description":"Simplify your scheming with downloadable Schemes of Work tailored for Kenyan educators, organized by subject and grade.","hits":"0","date_uploaded":"2025-07-07 13:07:44"},{"id":"16","title":"GRADE 1 TERM 2 ENGLISH SCHEMES.docx","category_id":"1","level_id":"42","grade_id":"150","term_id":"","price":"20","filename":"schemes-of-work\/lower-primary\/grade-1\/1751893732_GRADE1TERM2ENGLISHSCHEMES.docx","description":"Simplify your scheming with downloadable Schemes of Work tailored for Kenyan educators, organized by subject and grade.","hits":"0","date_uploaded":"2025-07-07 13:08:52"},{"id":"17","title":"GRADE 1 TERM 2 KISWAHILI SCHEMES.docx","category_id":"1","level_id":"42","grade_id":"150","term_id":"","price":"20","filename":"schemes-of-work\/lower-primary\/grade-1\/1751893800_GRADE1TERM2KISWAHILISCHEMES.docx","description":"Simplify your scheming with downloadable Schemes of Work tailored for Kenyan educators, organized by subject and grade.","hits":"0","date_uploaded":"2025-07-07 13:10:00"},{"id":"18","title":"GRADE 1 TERM 2 MATHEMATICS SCHEMES.docx","category_id":"1","level_id":"42","grade_id":"150","term_id":"","price":"10","filename":"schemes-of-work\/lower-primary\/grade-1\/1751893877_GRADE1TERM2MATHEMATICSSCHEMES.docx","description":"Simplify your scheming with downloadable Schemes of Work tailored for Kenyan educators, organized by subject and grade.","hits":"0","date_uploaded":"2025-07-07 13:11:17"},{"id":"19","title":"Grade_1 Environmental_Hygiene_schemes_of_work_term.","category_id":"1","level_id":"42","grade_id":"150","term_id":"","price":"10","filename":"schemes-of-work\/lower-primary\/grade-1\/1751893998_Grade_1_Rationalized_Environmental_Hygiene_schemes_of_work_term.docx","description":"Simplify your scheming with downloadable Schemes of Work tailored for Kenyan educators, organized by subject and grade.","hits":"0","date_uploaded":"2025-07-07 13:13:18"},{"id":"20","title":"Grade-1-revised-tusome-english-schemes-of-work-term-2.docx","category_id":"1","level_id":"42","grade_id":"150","term_id":"","price":"20","filename":"schemes-of-work\/lower-primary\/grade-1\/1751894095_Grade-1-revised-tusome-english-schemes-of-work-term-2.docx","description":"Simplify your scheming with downloadable Schemes of Work tailored for Kenyan educators, organized by subject and grade.","hits":"0","date_uploaded":"2025-07-07 13:14:55"},{"id":"21","title":"PP1 KLB LANGUAGE ACTIVITIES SCHEME OF WORK TERM 2","category_id":"1","level_id":"42","grade_id":"148","term_id":"","price":"20","filename":"schemes-of-work\/lower-primary\/pp1\/1751912613_PP1KLBLANGUAGEACTIVITIESSCHEMEOFWORKTERM2.docx","description":"Simplify your scheming with downloadable Schemes of Work tailored for Kenyan educators, organized by subject and grade.","hits":"0","date_uploaded":"2025-07-07 18:23:33"},{"id":"22","title":"PP1 ENVIRONMENTAL ACTIVITIES SCHEMES OF WORK TERM 2","category_id":"1","level_id":"42","grade_id":"148","term_id":"","price":"19","filename":"schemes-of-work\/lower-primary\/pp1\/1751912694_PP1ENVIRONMENTALACTIVITIESSCHEMESOFWORKTERM2_.docx","description":"Simplify your scheming with downloadable Schemes of Work tailored for Kenyan educators, organized by subject and grade.","hits":"0","date_uploaded":"2025-07-07 18:24:54"},{"id":"23","title":"PP1 ENVIRONMENTAL ACTIVITIES SCHEMES OF WORK TERM 2","category_id":"1","level_id":"42","grade_id":"148","term_id":"","price":"19","filename":"schemes-of-work\/lower-primary\/pp1\/1751912793_PP1ENVIRONMENTALACTIVITIESSCHEMESOFWORKTERM2_.docx","description":"Simplify your scheming with downloadable Schemes of Work tailored for Kenyan educators, organized by subject and grade.","hits":"0","date_uploaded":"2025-07-07 18:26:33"},{"id":"24","title":"PP1 KLB SKILLGROW MATHEMATICS ACTIVITIES SCHEMES OF WORK - TERM 2_","category_id":"1","level_id":"42","grade_id":"148","term_id":"","price":"19","filename":"schemes-of-work\/lower-primary\/pp1\/1751912866_PP1KLBSKILLGROWMATHEMATICSACTIVITIESSCHEMESOFWORK-TERM2_.doc","description":"Simplify your scheming with downloadable Schemes of Work tailored for Kenyan educators, organized by subject and grade.","hits":"0","date_uploaded":"2025-07-07 18:27:46"},{"id":"25","title":"PP1 RATIONALIZED CRE SCHEMES OF WORK TERM 2","category_id":"1","level_id":"42","grade_id":"148","term_id":"","price":"19","filename":"schemes-of-work\/lower-primary\/pp1\/1751912941_PP1RATIONALIZEDCRESCHEMESOFWORKTERM2_.docx","description":"Simplify your scheming with downloadable Schemes of Work tailored for Kenyan educators, organized by subject and grade.","hits":"0","date_uploaded":"2025-07-07 18:29:01"},{"id":"26","title":"PRE-PRIMARY 1 CREATIVE ARTS TERM 2","category_id":"1","level_id":"42","grade_id":"148","term_id":"","price":"20","filename":"schemes-of-work\/lower-primary\/pp1\/1751913011_PRE-PRIMARY1CREATIVEARTSTERM2_.docx","description":"Simplify your scheming with downloadable Schemes of Work tailored for Kenyan educators, organized by subject and grade.","hits":"0","date_uploaded":"2025-07-07 18:30:11"},{"id":"27","title":"PP2 CRE SCHEMES OF WORK TERM 2","category_id":"1","level_id":"42","grade_id":"149","term_id":"","price":"21","filename":"schemes-of-work\/lower-primary\/pp2\/1751913083_PP2CRESCHEMESOFWORKTERM2_.docx","description":"Simplify your scheming with downloadable Schemes of Work tailored for Kenyan educators, organized by subject and grade.","hits":"0","date_uploaded":"2025-07-07 18:31:23"},{"id":"28","title":"PP2 ENGLISH SCHEME OF WORK TERM 2","category_id":"1","level_id":"42","grade_id":"149","term_id":"","price":"21","filename":"schemes-of-work\/lower-primary\/pp2\/1751913123_PP2ENGLISHSCHEMEOFWORKTERM2_.docx","description":"Simplify your scheming with downloadable Schemes of Work tailored for Kenyan educators, organized by subject and grade.","hits":"0","date_uploaded":"2025-07-07 18:32:03"},{"id":"29","title":"PP2 MATHEMATICS SCHEMES OF WORK TERM 2","category_id":"1","level_id":"42","grade_id":"149","term_id":"","price":"21","filename":"schemes-of-work\/lower-primary\/pp2\/1751913173_PP2MATHEMATICSSCHEMESOFWORKTERM2_.docx","description":"Simplify your scheming with downloadable Schemes of Work tailored for Kenyan educators, organized by subject and grade.","hits":"0","date_uploaded":"2025-07-07 18:32:53"},{"id":"30","title":"PP2-Creative-arts-activities-schemes-of-work-term-2","category_id":"1","level_id":"42","grade_id":"149","term_id":"","price":"21","filename":"schemes-of-work\/lower-primary\/pp2\/1751913228_PP2-Creative-arts-activities-schemes-of-work-term-2.docx","description":"Simplify your scheming with downloadable Schemes of Work tailored for Kenyan educators, organized by subject and grade.","hits":"0","date_uploaded":"2025-07-07 18:33:48"},{"id":"31","title":"PP2-english-schemes-of-work-term-2","category_id":"1","level_id":"42","grade_id":"149","term_id":"","price":"21","filename":"schemes-of-work\/lower-primary\/pp2\/1751913289_PP2-english-schemes-of-work-term-2.docx","description":"Simplify your scheming with downloadable Schemes of Work tailored for Kenyan educators, organized by subject and grade.","hits":"0","date_uploaded":"2025-07-07 18:34:49"},{"id":"32","title":"PP2-Environmental-activities-schemes-of-work-term-2.","category_id":"1","level_id":"42","grade_id":"149","term_id":"","price":"5","filename":"schemes-of-work\/lower-primary\/pp2\/1751913365_PP2-Environmental-activities-schemes-of-work-term-2.docx","description":"Simplify your scheming with downloadable Schemes of Work tailored for Kenyan educators, organized by subject and grade.","hits":"0","date_uploaded":"2025-07-07 18:36:05"},{"id":"33","title":"GRADE 2 RATIONALIZED CRE SCHEME OF WORK TERM 2","category_id":"1","level_id":"42","grade_id":"151","term_id":"","price":"20","filename":"schemes-of-work\/lower-primary\/grade-2\/1752078435_GRADE2RATIONALIZEDCRESCHEMEOFWORKTERM2_.docx","description":"Exclusive and well updated, CBC detailed schemes of work for grade 2","hits":"0","date_uploaded":"2025-07-09 16:27:15"},{"id":"34","title":"GRADE 2 RATIONALIZED ENGLISH SCHEMES OF WORK TERM 2","category_id":"1","level_id":"42","grade_id":"151","term_id":"","price":"20","filename":"schemes-of-work\/lower-primary\/grade-2\/1752078486_GRADE2RATIONALIZEDENGLISHSCHEMESOFWORKTERM2_.docx","description":"Exclusive and well updated, CBC detailed schemes of work for grade 2","hits":"0","date_uploaded":"2025-07-09 16:28:06"},{"id":"35","title":"GRADE 2 RATIONALIZED ENVIRONMENTAL ACTIVITIES SCHEME OF WORK TERM 2","category_id":"1","level_id":"42","grade_id":"151","term_id":"","price":"20","filename":"schemes-of-work\/lower-primary\/grade-2\/1752084062_GRADE2RATIONALIZEDENVIRONMENTALACTIVITIESSCHEMEOFWORKTERM2_.docx","description":"Exclusive and well updated, CBC detailed schemes of work for grade 2","hits":"0","date_uploaded":"2025-07-09 18:01:02"},{"id":"36","title":"GRADE 2 RATIONALIZED KISWAHILI SCHEME OF WORK TERM 2","category_id":"1","level_id":"42","grade_id":"151","term_id":"","price":"10","filename":"schemes-of-work\/lower-primary\/grade-2\/1752084106_GRADE2RATIONALIZEDKISWAHILISCHEMEOFWORKTERM2_.docx","description":"Exclusive and well updated, CBC detailed schemes of work for grade 2","hits":"0","date_uploaded":"2025-07-09 18:01:46"},{"id":"37","title":"Grade-2-kiswahili-tusome-schemes-of-work-term-2","category_id":"1","level_id":"42","grade_id":"151","term_id":"","price":"20","filename":"schemes-of-work\/lower-primary\/grade-2\/1752084179_Grade-2-kiswahili-tusome-schemes-of-work-term-2--klb.docx","description":"Exclusive and well updated, CBC detailed schemes of work for grade 2","hits":"0","date_uploaded":"2025-07-09 18:02:59"},{"id":"38","title":"Grade-2-mathematics-schemes-of-work-term-2--tusome-klb","category_id":"1","level_id":"42","grade_id":"151","term_id":"","price":"20","filename":"schemes-of-work\/lower-primary\/grade-2\/1752084237_Grade-2-mathematics-schemes-of-work-term-2--tusome-klb0.doc","description":"Exclusive and well updated, CBC detailed schemes of work for grade 2","hits":"0","date_uploaded":"2025-07-09 18:03:57"},{"id":"39","title":"Grade-2-rationalised-creative-arts-schemes-of-work-term-2","category_id":"1","level_id":"42","grade_id":"151","term_id":"","price":"20","filename":"schemes-of-work\/lower-primary\/grade-2\/1752084284_Grade-2-rationalised-creative-arts-schemes-of-work-term-2.doc","description":"Exclusive and well updated, CBC detailed schemes of work for grade 2","hits":"0","date_uploaded":"2025-07-09 18:04:44"},{"id":"40","title":"Grade-2-rationalised-creative-arts-schemes-of-work-term-2","category_id":"1","level_id":"42","grade_id":"151","term_id":"","price":"20","filename":"schemes-of-work\/lower-primary\/grade-2\/1752084346_KISWAHILIGRADE2SCHEMESOFWORKTERM2.docx","description":"Exclusive and well updated, CBC detailed schemes of work for grade 2","hits":"0","date_uploaded":"2025-07-09 18:05:46"},{"id":"41","title":"grade-3-kiswahili-schemes-of-work-term-2--klb-tusome.","category_id":"1","level_id":"42","grade_id":"152","term_id":"","price":"20","filename":"schemes-of-work\/lower-primary\/grade-3\/1752084835_13993-grade-3-kiswahili-schemes-of-work-term-2--klb-tusome.doc","description":"Access well-organized Grade 3 teaching and learning resources aligned with the CBC curriculum. Includes schemes of work, notes, exams, and assessments for effective learning.","hits":"0","date_uploaded":"2025-07-09 18:13:55"},{"id":"42","title":"grade-3-english-schemes-of-work-term-2--tusome","category_id":"1","level_id":"42","grade_id":"152","term_id":"","price":"20","filename":"schemes-of-work\/lower-primary\/grade-3\/1752084904_14000-grade-3-english-schemes-of-work-term-2--tusome.doc","description":"Access well-organized Grade 3 teaching and learning resources aligned with the CBC curriculum. Includes schemes of work, notes, exams, and assessments for effective learning.","hits":"0","date_uploaded":"2025-07-09 18:15:04"},{"id":"43","title":"GRADE 3 RATIONALISED CREATIVES ARTS TERM 2 SCHEMES","category_id":"1","level_id":"42","grade_id":"152","term_id":"","price":"20","filename":"schemes-of-work\/lower-primary\/grade-3\/1752084980_GRADE3RATIONALISEDCREATIVESARTSTERM2SCHEMES0.pdf","description":"Access well-organized Grade 3 teaching and learning resources aligned with the CBC curriculum. Includes schemes of work, notes, exams, and assessments for effective learning.","hits":"0","date_uploaded":"2025-07-09 18:16:20"},{"id":"44","title":"GRADE 3 RATIONALIZED CRE SCHEME OF WORK TERM 2","category_id":"1","level_id":"42","grade_id":"152","term_id":"","price":"20","filename":"schemes-of-work\/lower-primary\/grade-3\/1752085131_GRADE3RATIONALIZEDCRESCHEMEOFWORKTERM2_0.docx","description":"Access well-organized Grade 3 teaching and learning resources aligned with the CBC curriculum. Includes schemes of work, notes, exams, and assessments for effective learning.","hits":"0","date_uploaded":"2025-07-09 18:18:51"},{"id":"45","title":"GRADE 3 RATIONALIZED ENGLISH SCHEME OF WORK TERM 2","category_id":"1","level_id":"42","grade_id":"152","term_id":"","price":"20","filename":"schemes-of-work\/lower-primary\/grade-3\/1752085177_GRADE3RATIONALIZEDENGLISHSCHEMEOFWORKTERM2_0.docx","description":"Access well-organized Grade 3 teaching and learning resources aligned with the CBC curriculum. Includes schemes of work, notes, exams, and assessments for effective learning.","hits":"0","date_uploaded":"2025-07-09 18:19:37"},{"id":"46","title":"GRADE 3 TERM 2 ENVIRONMENTAL SCHEMES","category_id":"1","level_id":"42","grade_id":"152","term_id":"","price":"20","filename":"schemes-of-work\/lower-primary\/grade-3\/1752085245_GRADE3TERM2ENVIRONMENTALSCHEMES0.doc","description":"Access well-organized Grade 3 teaching and learning resources aligned with the CBC curriculum. Includes schemes of work, notes, exams, and assessments for effective learning.","hits":"0","date_uploaded":"2025-07-09 18:20:45"},{"id":"47","title":"GRADE 3 TERM 2 KISWAHILI SCHEMES","category_id":"1","level_id":"42","grade_id":"152","term_id":"","price":"20","filename":"schemes-of-work\/lower-primary\/grade-3\/1752085334_GRADE3TERM2KISWAHILISCHEMES0.docx","description":"Access well-organized Grade 3 teaching and learning resources aligned with the CBC curriculum. Includes schemes of work, notes, exams, and assessments for effective learning.","hits":"0","date_uploaded":"2025-07-09 18:22:14"},{"id":"48","title":"Grade-3-klb-tusome-mathematics-schemes-of-work-term-2","category_id":"1","level_id":"42","grade_id":"152","term_id":"","price":"20","filename":"schemes-of-work\/lower-primary\/grade-3\/1752085417_Grade-3-klb-tusome-mathematics-schemes-of-work-term-22.doc","description":"Access well-organized Grade 3 teaching and learning resources aligned with the CBC curriculum. Includes schemes of work, notes, exams, and assessments for effective learning.","hits":"0","date_uploaded":"2025-07-09 18:23:37"},{"id":"49","title":"GRADE 4 CREATIVE ARTS ACTIVITIES SCHEMES OF WORK TERM 2","category_id":"1","level_id":"42","grade_id":"","term_id":"","price":"20","filename":"schemes-of-work\/lower-primary\/1752085523_GRADE4CREATIVEARTSACTIVITIESSCHEMESOFWORKTERM2_.docx","description":"Discover a complete collection of CBC-aligned Grade 4 educational resources. Get free and premium notes, lesson plans, schemes, and termly assessments curated for Kenyan educators.","hits":"0","date_uploaded":"2025-07-09 18:25:23"},{"id":"50","title":"Grade 4 kiswahili term 2","category_id":"1","level_id":"43","grade_id":"153","term_id":"","price":"20","filename":"schemes-of-work\/upper-primary\/grade-4\/1752085592_Grade4kiswahiliterm2.docx","description":"Discover a complete collection of CBC-aligned Grade 4 educational resources. Get free and premium notes, lesson plans, schemes, and termly assessments curated for Kenyan educators.","hits":"0","date_uploaded":"2025-07-09 18:26:32"},{"id":"51","title":"GRADE 4 RATIONALISED SCIENCE AND TECHNOLOGY SCHEMES OF WORK TERM 2","category_id":"1","level_id":"43","grade_id":"153","term_id":"","price":"21","filename":"schemes-of-work\/upper-primary\/grade-4\/1752085647_GRADE4RATIONALISEDSCIENCEANDTECHNOLOGYSCHEMESOFWORKTERM2_.docx","description":"Discover a complete collection of CBC-aligned Grade 4 educational resources. Get free and premium notes, lesson plans, schemes, and termly assessments curated for Kenyan educators.","hits":"0","date_uploaded":"2025-07-09 18:27:27"},{"id":"52","title":"GRADE 4 RATIONALIZED CRE SCHEMES OF TERM 2_","category_id":"1","level_id":"43","grade_id":"153","term_id":"","price":"21","filename":"schemes-of-work\/upper-primary\/grade-4\/1752085705_GRADE4RATIONALIZEDCRESCHEMESOFTERM2_.docx","description":"Discover a complete collection of CBC-aligned Grade 4 educational resources. Get free and premium notes, lesson plans, schemes, and termly assessments curated for Kenyan educators.","hits":"0","date_uploaded":"2025-07-09 18:28:25"},{"id":"53","title":"GRADE 4 TERM 2 CRE SCHEMES","category_id":"1","level_id":"43","grade_id":"153","term_id":"","price":"21","filename":"schemes-of-work\/upper-primary\/grade-4\/1752085758_GRADE4TERM2CRESCHEMES.docx","description":"Discover a complete collection of CBC-aligned Grade 4 educational resources. Get free and premium notes, lesson plans, schemes, and termly assessments curated for Kenyan educators.","hits":"0","date_uploaded":"2025-07-09 18:29:18"},{"id":"54","title":"GRADE 4 TERM 2 ENGLISH SCHEMES.","category_id":"1","level_id":"43","grade_id":"153","term_id":"","price":"21","filename":"schemes-of-work\/upper-primary\/grade-4\/1752085814_GRADE4TERM2ENGLISHSCHEMES.docx","description":"Discover a complete collection of CBC-aligned Grade 4 educational resources. Get free and premium notes, lesson plans, schemes, and termly assessments curated for Kenyan educators.","hits":"0","date_uploaded":"2025-07-09 18:30:14"},{"id":"55","title":"GRADE 4 TERM 2 FRENCH SCHEMES","category_id":"1","level_id":"43","grade_id":"153","term_id":"","price":"21","filename":"schemes-of-work\/upper-primary\/grade-4\/1752085899_GRADE4TERM2FRENCHSCHEMES1.docx","description":"Discover a complete collection of CBC-aligned Grade 4 educational resources. Get free and premium notes, lesson plans, schemes, and termly assessments curated for Kenyan educators.","hits":"0","date_uploaded":"2025-07-09 18:31:39"},{"id":"56","title":"GRADE 4 TERM 2 KISWAHILI SCHEMES.","category_id":"1","level_id":"43","grade_id":"153","term_id":"","price":"21","filename":"schemes-of-work\/upper-primary\/grade-4\/1752085950_GRADE4TERM2KISWAHILISCHEMES.docx","description":"Discover a complete collection of CBC-aligned Grade 4 educational resources. Get free and premium notes, lesson plans, schemes, and termly assessments curated for Kenyan educators.","hits":"0","date_uploaded":"2025-07-09 18:32:30"},{"id":"57","title":"GRADE 4 TERM 2 MATHEMATICS SCHEMES","category_id":"1","level_id":"43","grade_id":"153","term_id":"","price":"21","filename":"schemes-of-work\/upper-primary\/grade-4\/1752086676_GRADE4TERM2MATHEMATICSSCHEMES.docx","description":"Discover a complete collection of CBC-aligned Grade 4 educational resources. Get free and premium notes, lesson plans, schemes, and termly assessments curated for Kenyan educators.","hits":"0","date_uploaded":"2025-07-09 18:44:36"},{"id":"58","title":"GRADE 4-rationalised-agriculture-and nutrition schemes of work term 2","category_id":"1","level_id":"43","grade_id":"153","term_id":"","price":"21","filename":"schemes-of-work\/upper-primary\/grade-4\/1752086723_GRADE4-rationalised-agriculture-andnutritionschemesofworkterm2.doc","description":"Discover a complete collection of CBC-aligned Grade 4 educational resources. Get free and premium notes, lesson plans, schemes, and termly assessments curated for Kenyan educators.","hits":"0","date_uploaded":"2025-07-09 18:45:23"},{"id":"59","title":"Grade-4-rationalised-agriculture-and-nutrition-schemes-of-work-term-2","category_id":"1","level_id":"43","grade_id":"153","term_id":"","price":"21","filename":"schemes-of-work\/upper-primary\/grade-4\/1752086813_Grade-4-rationalised-agriculture-and-nutrition-schemes-of-work-term-2.doc","description":"Discover a complete collection of CBC-aligned Grade 4 educational resources. Get free and premium notes, lesson plans, schemes, and termly assessments curated for Kenyan educators.","hits":"0","date_uploaded":"2025-07-09 18:46:53"},{"id":"60","title":"Grade-4-rationalised-english-schemes-of-work-term-2--longhorn","category_id":"1","level_id":"43","grade_id":"153","term_id":"","price":"21","filename":"schemes-of-work\/upper-primary\/grade-4\/1752086866_Grade-4-rationalised-english-schemes-of-work-term-2--longhorn.doc","description":"Discover a complete collection of CBC-aligned Grade 4 educational resources. Get free and premium notes, lesson plans, schemes, and termly assessments curated for Kenyan educators.","hits":"0","date_uploaded":"2025-07-09 18:47:46"},{"id":"61","title":"Grade-4-rationalized-klb-visionary-mathematics-schemes-of-work-term-2","category_id":"1","level_id":"43","grade_id":"153","term_id":"","price":"21","filename":"schemes-of-work\/upper-primary\/grade-4\/1752086913_Grade-4-rationalized-klb-visionary-mathematics-schemes-of-work-term-2.docx","description":"Discover a complete collection of CBC-aligned Grade 4 educational resources. Get free and premium notes, lesson plans, schemes, and termly assessments curated for Kenyan educators.","hits":"0","date_uploaded":"2025-07-09 18:48:33"},{"id":"62","title":"grade-4-social-studies-cbc-schemes-of-work-term-2","category_id":"1","level_id":"43","grade_id":"153","term_id":"","price":"21","filename":"schemes-of-work\/upper-primary\/grade-4\/1752086964_grade-4-social-studies-cbc-schemes-of-work-term-21.doc","description":"Discover a complete collection of CBC-aligned Grade 4 educational resources. Get free and premium notes, lesson plans, schemes, and termly assessments curated for Kenyan educators.","hits":"0","date_uploaded":"2025-07-09 18:49:24"},{"id":"63","title":"GRADE 5 TERM 2 CRE SCHEMES (planet).","category_id":"1","level_id":"43","grade_id":"154","term_id":"","price":"21","filename":"schemes-of-work\/upper-primary\/grade-5\/1752087041_GRADE5TERM2CRESCHEMESplanet.docx","description":"Discover a complete collection of CBC-aligned Grade 5 educational resources. Get free and premium notes, lesson plans, schemes, and termly assessments curated for Kenyan educators.","hits":"0","date_uploaded":"2025-07-09 18:50:41"},{"id":"64","title":"GRADE 5 TERM 2 KISWAHILI SCHEMES","category_id":"1","level_id":"43","grade_id":"154","term_id":"","price":"21","filename":"schemes-of-work\/upper-primary\/grade-5\/1752087099_GRADE5TERM2KISWAHILISCHEMES.docx","description":"Discover a complete collection of CBC-aligned Grade 5 educational resources. Get free and premium notes, lesson plans, schemes, and termly assessments curated for Kenyan educators.","hits":"0","date_uploaded":"2025-07-09 18:51:39"},{"id":"65","title":"Grade-5-rationalised-creative-arts-schemes-of-work-term-2","category_id":"1","level_id":"43","grade_id":"154","term_id":"","price":"21","filename":"schemes-of-work\/upper-primary\/grade-5\/1752087632_Grade-5-rationalised-creative-arts-schemes-of-work-term-2.docx","description":"Discover a complete collection of CBC-aligned Grade 5 educational resources. Get free and premium notes, lesson plans, schemes, and termly assessments curated for Kenyan educators.","hits":"0","date_uploaded":"2025-07-09 19:00:32"},{"id":"66","title":"Grade-5-rationalized-agriculture-and-nutrition-schemes-of-work-term-2","category_id":"1","level_id":"43","grade_id":"154","term_id":"","price":"21","filename":"schemes-of-work\/upper-primary\/grade-5\/1752087700_Grade-5-rationalized-agriculture-and-nutrition-schemes-of-work-term-2.doc","description":"Discover a complete collection of CBC-aligned Grade 5 educational resources. Get free and premium notes, lesson plans, schemes, and termly assessments curated for Kenyan educators.","hits":"0","date_uploaded":"2025-07-09 19:01:40"},{"id":"67","title":"Grade-5-rationalized-english-schemes-of-work-term-2--skills-in-english","category_id":"1","level_id":"43","grade_id":"154","term_id":"","price":"21","filename":"schemes-of-work\/upper-primary\/grade-5\/1752087774_Grade-5-rationalized-english-schemes-of-work-term-2--skills-in-english.docx","description":"Discover a complete collection of CBC-aligned Grade 5 educational resources. Get free and premium notes, lesson plans, schemes, and termly assessments curated for Kenyan educators.","hits":"0","date_uploaded":"2025-07-09 19:02:54"},{"id":"68","title":"Grade-5-rationalized-science-and-technology-schemes-of-work-term-2","category_id":"1","level_id":"43","grade_id":"154","term_id":"","price":"21","filename":"schemes-of-work\/upper-primary\/grade-5\/1752087870_Grade-5-rationalized-science-and-technology-schemes-of-work-term-2.docx","description":"Discover a complete collection of CBC-aligned Grade 5 educational resources. Get free and premium notes, lesson plans, schemes, and termly assessments curated for Kenyan educators.","hits":"0","date_uploaded":"2025-07-09 19:04:30"},{"id":"69","title":"Grade-5-rationalized-social-studies-schemes-of-work-term-2--our-lives-today","category_id":"1","level_id":"43","grade_id":"154","term_id":"","price":"21","filename":"schemes-of-work\/upper-primary\/grade-5\/1752088025_Grade-5-rationalized-social-studies-schemes-of-work-term-2--our-lives-today.docx","description":"Discover a complete collection of CBC-aligned Grade 5 educational resources. Get free and premium notes, lesson plans, schemes, and termly assessments curated for Kenyan educators.","hits":"0","date_uploaded":"2025-07-09 19:07:05"},{"id":"70","title":"klb-visionary-grade-5-maths-schemes-of-work-term-2","category_id":"1","level_id":"43","grade_id":"154","term_id":"","price":"21","filename":"schemes-of-work\/upper-primary\/grade-5\/1752088100_klb-visionary-grade-5-maths-schemes-of-work-term-2.doc","description":"Discover a complete collection of CBC-aligned Grade 5 educational resources. Get free and premium notes, lesson plans, schemes, and termly assessments curated for Kenyan educators.","hits":"0","date_uploaded":"2025-07-09 19:08:20"},{"id":"71","title":"GRADE 6 TERM 2 CRE SCHEMES OF WORK growin in Christ","category_id":"1","level_id":"43","grade_id":"155","term_id":"","price":"22","filename":"schemes-of-work\/upper-primary\/grade-6\/1752088331_GRADE6TERM2CRESCHEMESOFWORKgrowininChrist-1.docx","description":"Discover a complete collection of CBC-aligned Grade 6 educational resources. Get free and premium notes, lesson plans, schemes, and termly assessments curated for Kenyan educators.","hits":"0","date_uploaded":"2025-07-09 19:12:11"},{"id":"72","title":"GRADE 6 TERM 2 CRE SCHEMES.","category_id":"1","level_id":"43","grade_id":"155","term_id":"","price":"22","filename":"schemes-of-work\/upper-primary\/grade-6\/1752088451_GRADE6TERM2CRESCHEMES.docx","description":"Discover a complete collection of CBC-aligned Grade 6 educational resources. Get free and premium notes, lesson plans, schemes, and termly assessments curated for Kenyan educators.","hits":"0","date_uploaded":"2025-07-09 19:14:11"},{"id":"73","title":"GRADE 6 TERM 2 RATIONALIZED AGRI NUTRITION SCHEMES","category_id":"1","level_id":"43","grade_id":"155","term_id":"","price":"22","filename":"schemes-of-work\/upper-primary\/grade-6\/1752088499_GRADE6TERM2RATIONALIZEDAGRINUTRITIONSCHEMES2024-1.doc","description":"Discover a complete collection of CBC-aligned Grade 6 educational resources. Get free and premium notes, lesson plans, schemes, and termly assessments curated for Kenyan educators.","hits":"0","date_uploaded":"2025-07-09 19:14:59"},{"id":"74","title":"Grade-6-agriculture-and-nutrition-schemes-of-work-term-2--rationalised.","category_id":"1","level_id":"43","grade_id":"155","term_id":"","price":"22","filename":"schemes-of-work\/upper-primary\/grade-6\/1752088766_Grade-6-agriculture-and-nutrition-schemes-of-work-term-2--rationalised.doc","description":"Discover a complete collection of CBC-aligned Grade 6 educational resources. Get free and premium notes, lesson plans, schemes, and termly assessments curated for Kenyan educators.","hits":"0","date_uploaded":"2025-07-09 19:19:26"},{"id":"75","title":"Grade-6-rationalised-creative-arts-and-sports-schemes-of-work-term-2","category_id":"1","level_id":"43","grade_id":"155","term_id":"","price":"22","filename":"schemes-of-work\/upper-primary\/grade-6\/1752088892_Grade-6-rationalised-creative-arts-and-sports-schemes-of-work-term-2.doc","description":"Discover a complete collection of CBC-aligned Grade 6 educational resources. Get free and premium notes, lesson plans, schemes, and termly assessments curated for Kenyan educators.","hits":"0","date_uploaded":"2025-07-09 19:21:32"},{"id":"76","title":"Grade-6-rationalized-english-schemes-of-work-term-2--new-jkf.","category_id":"1","level_id":"43","grade_id":"155","term_id":"","price":"22","filename":"schemes-of-work\/upper-primary\/grade-6\/1752088986_Grade-6-rationalized-english-schemes-of-work-term-2--new-jkf.doc","description":"Discover a complete collection of CBC-aligned Grade 6 educational resources. Get free and premium notes, lesson plans, schemes, and termly assessments curated for Kenyan educators.","hits":"0","date_uploaded":"2025-07-09 19:23:06"},{"id":"77","title":"Grade-6-social-studies-schemes-of-work-term-2--klb-visionary","category_id":"1","level_id":"43","grade_id":"155","term_id":"","price":"22","filename":"schemes-of-work\/upper-primary\/grade-6\/1752089059_Grade-6-social-studies-schemes-of-work-term-2--klb-visionary.docx","description":"Discover a complete collection of CBC-aligned Grade 6 educational resources. Get free and premium notes, lesson plans, schemes, and termly assessments curated for Kenyan educators.","hits":"0","date_uploaded":"2025-07-09 19:24:19"},{"id":"78","title":"Grade-6-social-studies-schemes-of-work-term-2--spotlight.","category_id":"1","level_id":"43","grade_id":"155","term_id":"","price":"22","filename":"schemes-of-work\/upper-primary\/grade-6\/1752089194_Grade-6-social-studies-schemes-of-work-term-2--spotlight.docx","description":"Discover a complete collection of CBC-aligned Grade 6 educational resources. Get free and premium notes, lesson plans, schemes, and termly assessments curated for Kenyan educators.","hits":"0","date_uploaded":"2025-07-09 19:26:34"},{"id":"79","title":"GRADE 8 TERM 2 2024 RATIONALIZED ENGLISH SCHEMES OF WORK-1","category_id":"1","level_id":"44","grade_id":"157","term_id":"","price":"23","filename":"schemes-of-work\/junior-secondary\/grade-8\/1752089681_GRADE8TERM22024RATIONALIZEDENGLISHSCHEMESOFWORK-10.docx","description":"Discover a complete collection of CBC-aligned Grade 8 educational resources. Get free and premium notes, lesson plans, schemes, and termly assessments curated for Kenyan educators.","hits":"0","date_uploaded":"2025-07-09 19:34:41"},{"id":"80","title":"GRADE 8 TERM 2 CRE SCHEMES.","category_id":"1","level_id":"44","grade_id":"157","term_id":"","price":"23","filename":"schemes-of-work\/junior-secondary\/grade-8\/1752089846_GRADE8TERM2CRESCHEMES.doc","description":"Discover a complete collection of CBC-aligned Grade 8 educational resources. Get free and premium notes, lesson plans, schemes, and termly assessments curated for Kenyan educators.","hits":"0","date_uploaded":"2025-07-09 19:37:26"},{"id":"81","title":"GRADE 8 TERM 2 ENGLISH SCHEMES","category_id":"1","level_id":"44","grade_id":"157","term_id":"","price":"23","filename":"schemes-of-work\/junior-secondary\/grade-8\/1752089903_GRADE8TERM2ENGLISHSCHEMES.doc","description":"Discover a complete collection of CBC-aligned Grade 8 educational resources. Get free and premium notes, lesson plans, schemes, and termly assessments curated for Kenyan educators.","hits":"0","date_uploaded":"2025-07-09 19:38:23"},{"id":"82","title":"GRADE 8 TERM 2 INTEGRATED SCIENCE SCHEMES","category_id":"1","level_id":"44","grade_id":"157","term_id":"","price":"23","filename":"schemes-of-work\/junior-secondary\/grade-8\/1752090022_GRADE8TERM2INTEGRATEDSCIENCESCHEMESmentor.doc","description":"Discover a complete collection of CBC-aligned Grade 8 educational resources. Get free and premium notes, lesson plans, schemes, and termly assessments curated for Kenyan educators.","hits":"0","date_uploaded":"2025-07-09 19:40:22"},{"id":"83","title":"GRADE 8 TERM 2 KISWAHILI SCHEMES klb-1","category_id":"1","level_id":"44","grade_id":"157","term_id":"","price":"23","filename":"schemes-of-work\/junior-secondary\/grade-8\/1752090220_GRADE8TERM2KISWAHILISCHEMESklb-1.doc","description":"Discover a complete collection of CBC-aligned Grade 8 educational resources. Get free and premium notes, lesson plans, schemes, and termly assessments curated for Kenyan educators.","hits":"0","date_uploaded":"2025-07-09 19:43:40"},{"id":"84","title":"GRADE 8 TERM 2 MATHEMATICS SCHEMES klb","category_id":"1","level_id":"44","grade_id":"157","term_id":"","price":"23","filename":"schemes-of-work\/junior-secondary\/grade-8\/1752090274_GRADE8TERM2MATHEMATICSSCHEMESklb0.docx","description":"Discover a complete collection of CBC-aligned Grade 8 educational resources. Get free and premium notes, lesson plans, schemes, and termly assessments curated for Kenyan educators.","hits":"0","date_uploaded":"2025-07-09 19:44:34"},{"id":"85","title":"Grade-8-klb-top-scholar-kiswahili-schemes-of-work-term-2-rationalsied","category_id":"1","level_id":"44","grade_id":"157","term_id":"","price":"23","filename":"schemes-of-work\/junior-secondary\/grade-8\/1752090376_Grade-8-klb-top-scholar-kiswahili-schemes-of-work-term-2-rationalsied.docx","description":"Discover a complete collection of CBC-aligned Grade 8 educational resources. Get free and premium notes, lesson plans, schemes, and termly assessments curated for Kenyan educators.","hits":"0","date_uploaded":"2025-07-09 19:46:16"},{"id":"86","title":"grade-8-pre-technical-studies-schemes-of-work-term-2-merged","category_id":"1","level_id":"44","grade_id":"157","term_id":"","price":"23","filename":"schemes-of-work\/junior-secondary\/grade-8\/1752090597_grade-8-pre-technical-studies-schemes-of-work-term-2-merged1.docx","description":"Discover a complete collection of CBC-aligned Grade 8 educational resources. Get free and premium notes, lesson plans, schemes, and termly assessments curated for Kenyan educators.","hits":"0","date_uploaded":"2025-07-09 19:49:57"},{"id":"87","title":"Grade-8-rationalised-agriculture-and-nutrition-schemes-of-work-term-2--mtp","category_id":"1","level_id":"44","grade_id":"157","term_id":"","price":"23","filename":"schemes-of-work\/junior-secondary\/grade-8\/1752090717_Grade-8-rationalised-agriculture-and-nutrition-schemes-of-work-term-2--mtp0.doc","description":"Discover a complete collection of CBC-aligned Grade 8 educational resources. Get free and premium notes, lesson plans, schemes, and termly assessments curated for Kenyan educators.","hits":"0","date_uploaded":"2025-07-09 19:51:57"},{"id":"88","title":"grade-8-rationalised-creative-arts-and-sports-schemes-of-work-term-2","category_id":"1","level_id":"44","grade_id":"157","term_id":"","price":"23","filename":"schemes-of-work\/junior-secondary\/grade-8\/1752090892_grade-8-rationalised-creative-arts-and-sports-schemes-of-work-term-20.docx","description":"Discover a complete collection of CBC-aligned Grade 8 educational resources. Get free and premium notes, lesson plans, schemes, and termly assessments curated for Kenyan educators.","hits":"0","date_uploaded":"2025-07-09 19:54:52"},{"id":"89","title":"grade-8-rationalised-kiswahili-schemes-of-work-term-2-akili-pevu","category_id":"1","level_id":"44","grade_id":"157","term_id":"","price":"23","filename":"schemes-of-work\/junior-secondary\/grade-8\/1752091005_grade-8-rationalised-kiswahili-schemes-of-work-term-2-akili-pevu0.docx","description":"Discover a complete collection of CBC-aligned Grade 8 educational resources. Get free and premium notes, lesson plans, schemes, and termly assessments curated for Kenyan educators.","hits":"0","date_uploaded":"2025-07-09 19:56:45"},{"id":"90","title":"grade-8-rationalised-smart-minds-english-schemes-of-work-term-2","category_id":"1","level_id":"44","grade_id":"157","term_id":"","price":"23","filename":"schemes-of-work\/junior-secondary\/grade-8\/1752091078_grade-8-rationalised-smart-minds-english-schemes-of-work-term-2.docx","description":"Discover a complete collection of CBC-aligned Grade 8 educational resources. Get free and premium notes, lesson plans, schemes, and termly assessments curated for Kenyan educators.","hits":"0","date_uploaded":"2025-07-09 19:57:58"},{"id":"91","title":"grade-8-rationalised-social-studies-schemes-of-work-term-2-updated","category_id":"1","level_id":"44","grade_id":"157","term_id":"","price":"23","filename":"schemes-of-work\/junior-secondary\/grade-8\/1752091264_grade-8-rationalised-social-studies-schemes-of-work-term-2-updated.docx","description":"Discover a complete collection of CBC-aligned Grade 8 educational resources. Get free and premium notes, lesson plans, schemes, and termly assessments curated for Kenyan educators.","hits":"0","date_uploaded":"2025-07-09 20:01:04"},{"id":"92","title":"grade-8-rationalized-french-scheme-of-work-term-2","category_id":"1","level_id":"44","grade_id":"157","term_id":"","price":"23","filename":"schemes-of-work\/junior-secondary\/grade-8\/1752096065_grade-8-rationalized-french-scheme-of-work-term-20.docx","description":"Discover a complete collection of CBC-aligned Grade 8 educational resources. Get free and premium notes, lesson plans, schemes, and termly assessments curated for Kenyan educators.","hits":"0","date_uploaded":"2025-07-09 21:21:05"},{"id":"93","title":"grade-8-rationalised-spotlight-integrated-science-schemes-of-work-term-2.docx","category_id":"1","level_id":"44","grade_id":"157","term_id":"","price":"23","filename":"schemes-of-work\/junior-secondary\/grade-8\/1752096103_grade-8-rationalised-spotlight-integrated-science-schemes-of-work-term-2.docx","description":"Discover a complete collection of CBC-aligned Grade 8 educational resources. Get free and premium notes, lesson plans, schemes, and termly assessments curated for Kenyan educators.","hits":"0","date_uploaded":"2025-07-09 21:21:43"},{"id":"94","title":"grade-8-rationalised-social-studies-schemes-of-work-term-2-updated.docx","category_id":"1","level_id":"44","grade_id":"157","term_id":"","price":"23","filename":"schemes-of-work\/junior-secondary\/grade-8\/1752096157_grade-8-rationalised-social-studies-schemes-of-work-term-2-updated.docx","description":"Discover a complete collection of CBC-aligned Grade 8 educational resources. Get free and premium notes, lesson plans, schemes, and termly assessments curated for Kenyan educators.","hits":"1","date_uploaded":"2025-07-09 21:22:37"},{"id":"95","title":"2025-grade-9-smart-minds-social-studies-schemes-of-work-term-2","category_id":"1","level_id":"44","grade_id":"158","term_id":"","price":"24","filename":"schemes-of-work\/junior-secondary\/grade-9\/1752096217_2025-grade-9-smart-minds-social-studies-schemes-of-work-term-2-04-24-dec-22-08-56.doc","description":"Discover a complete collection of CBC-aligned Grade 9 educational resources. Get free and premium notes, lesson plans, schemes, and termly assessments curated for Kenyan educators.","hits":"0","date_uploaded":"2025-07-09 21:23:37"},{"id":"96","title":"GRADE-9-RATIONALIZED-CRE-SCHEMES-OF-WORK-TERM-2","category_id":"1","level_id":"44","grade_id":"158","term_id":"","price":"24","filename":"schemes-of-work\/junior-secondary\/grade-9\/1752096284_GRADE-9-RATIONALIZED-CRE-SCHEMES-OF-WORK-TERM-2-2025-TEACHER_CO_KE.docx","description":"Discover a complete collection of CBC-aligned Grade 8 educational resources. Get free and premium notes, lesson plans, schemes, and termly assessments curated for Kenyan educators.","hits":"0","date_uploaded":"2025-07-09 21:24:44"},{"id":"97","title":"Grade-9-rationalized-english-schemes-of-work-term-2--skills-in-english","category_id":"1","level_id":"44","grade_id":"158","term_id":"","price":"24","filename":"schemes-of-work\/junior-secondary\/grade-9\/1752096390_Grade-9-rationalized-english-schemes-of-work-term-2--skills-in-english.docx","description":"Get updated Grade 9 JSS materials\u2014curriculum designs, schemes, lesson plans, and notes developed for CBC classrooms. Ideal for exam preparation and lesson delivery.","hits":"0","date_uploaded":"2025-07-09 21:26:30"},{"id":"98","title":"Grade-9-rationalized-kiswahili-schemes-of-work-term-2--klb-top-scholar.docx","category_id":"1","level_id":"44","grade_id":"158","term_id":"","price":"24","filename":"schemes-of-work\/junior-secondary\/grade-9\/1752096449_Grade-9-rationalized-kiswahili-schemes-of-work-term-2--klb-top-scholar.docx","description":"Get updated Grade 9 JSS materials\u2014curriculum designs, schemes, lesson plans, and notes developed for CBC classrooms. Ideal for exam preparation and lesson delivery.","hits":"0","date_uploaded":"2025-07-09 21:27:29"},{"id":"99","title":"Grade-9-rationalized-mathematics-schemes-of-work-term-2--klb-top-scholar.docx","category_id":"1","level_id":"44","grade_id":"158","term_id":"","price":"24","filename":"schemes-of-work\/junior-secondary\/grade-9\/1752096504_Grade-9-rationalized-mathematics-schemes-of-work-term-2--klb-top-scholar.docx","description":"Get updated Grade 9 JSS materials\u2014curriculum designs, schemes, lesson plans, and notes developed for CBC classrooms. Ideal for exam preparation and lesson delivery.","hits":"0","date_uploaded":"2025-07-09 21:28:24"},{"id":"100","title":"Grade-9-rationalized-pre-technical-schemes-of-work-term-2.docx","category_id":"1","level_id":"44","grade_id":"158","term_id":"","price":"24","filename":"schemes-of-work\/junior-secondary\/grade-9\/1752096573_Grade-9-rationalized-pre-technical-schemes-of-work-term-2.docx","description":"Get updated Grade 9 JSS materials\u2014curriculum designs, schemes, lesson plans, and notes developed for CBC classrooms. Ideal for exam preparation and lesson delivery.","hits":"0","date_uploaded":"2025-07-09 21:29:33"},{"id":"101","title":"AGRI_LESSON PLAN GRADE 7 TERM 2.docx","category_id":"4","level_id":"7","grade_id":"25","term_id":"74","price":"10","filename":"lesson-plans\/junior-secondary\/grade-7\/term-2\/1752097021_AGRI_GRADE7TERM2.docx","description":"Get updated Grade 9 JSS materials\u2014curriculum designs, schemes, lesson plans, and notes developed for CBC classrooms. Ideal for exam preparation and lesson delivery.","hits":"0","date_uploaded":"2025-07-09 21:37:01"},{"id":"102","title":"CRE G9 LP T2 CRE.docx","category_id":"4","level_id":"7","grade_id":"27","term_id":"80","price":"15","filename":"lesson-plans\/junior-secondary\/grade-9\/term-2\/1752097096_CREG9LPT2CRE.docx","description":"Get updated Grade 9 JSS materials\u2014curriculum designs, schemes, lesson plans, and notes developed for CBC classrooms. Ideal for exam preparation and lesson delivery.","hits":"0","date_uploaded":"2025-07-09 21:38:16"},{"id":"103","title":"CRE G9 LP T2.docx","category_id":"4","level_id":"7","grade_id":"27","term_id":"80","price":"15","filename":"lesson-plans\/junior-secondary\/grade-9\/term-2\/1752097194_CREG9LPT2.docx","description":"Get updated Grade 9 JSS materials\u2014curriculum designs, schemes, lesson plans, and notes developed for CBC classrooms. Ideal for exam preparation and lesson delivery.","hits":"0","date_uploaded":"2025-07-09 21:39:54"},{"id":"104","title":"GRADE 9 IRE NOTES.docx","category_id":"6","level_id":"16","grade_id":"58","term_id":"","price":"40","filename":"jss-notes-topical\/junior-secondary\/grade-9\/1752485438_GRADE9IRENOTES.docx","description":"Simplify your lesson with downloadable lesson notes tailored for Kenyan teachers, organized by subject and grade.","hits":"0","date_uploaded":"2025-07-14 09:30:38"},{"id":"105","title":"CRE GRADE 9 NOTES.docx","category_id":"6","level_id":"16","grade_id":"58","term_id":"","price":"40","filename":"jss-notes-topical\/junior-secondary\/grade-9\/1752485520_CREGRADE9NOTES.docx","description":"Simplify your lesson with downloadable lesson notes tailored for Kenyan teachers, organized by subject and grade.","hits":"0","date_uploaded":"2025-07-14 09:32:00"},{"id":"106","title":"CRE G9 LESSON NOTES.docx","category_id":"6","level_id":"16","grade_id":"58","term_id":"","price":"10","filename":"jss-notes-topical\/junior-secondary\/grade-9\/1752485634_CREG9LESSONNOTES.docx","description":"G9 CRE Notes Continuation ..................","hits":"0","date_uploaded":"2025-07-14 09:33:54"},{"id":"107","title":"AGRI G8 RATIONALISED NOTES.docx","category_id":"6","level_id":"16","grade_id":"57","term_id":"","price":"40","filename":"jss-notes-topical\/junior-secondary\/grade-8\/1752490979_AGRIG8RATIONALISEDNOTES.docx","description":"Simplify your lesson with downloadable lesson notes tailored for Kenyan teachers, organized by subject and grade.\r\n-Contains Term 1 and Two lessons","hits":"0","date_uploaded":"2025-07-14 11:02:59"},{"id":"108","title":"CAS G4 RATIONALISED NOTES.docx","category_id":"2","level_id":"2","grade_id":"6","term_id":"17","price":"30","filename":"primary-notes\/upper-primary\/grade-4\/term-2\/1752491065_CASG4RATIONALISEDNOTES.docx","description":"Simplify your lesson with downloadable lesson notes tailored for Kenyan teachers, organized by subject and grade.\r\n-Contains Term 1 and Two lessons","hits":"0","date_uploaded":"2025-07-14 11:04:25"},{"id":"109","title":"CRE G6 LESSON NOTES.docx","category_id":"2","level_id":"2","grade_id":"8","term_id":"23","price":"30","filename":"primary-notes\/upper-primary\/grade-6\/term-2\/1752491296_CREG6LESSONNOTES.docx","description":"Simplify your lesson with downloadable lesson notes tailored for Kenyan teachers, organized by subject and grade.\r\n-Contains Term 1 and Two lessons","hits":"0","date_uploaded":"2025-07-14 11:08:16"},{"id":"110","title":"CRE G9 LESSON NOTES (2).docx","category_id":"6","level_id":"16","grade_id":"58","term_id":"","price":"40","filename":"jss-notes-topical\/junior-secondary\/grade-9\/1752491409_CREG9LESSONNOTES2.docx","description":"Simplify your lesson with downloadable lesson notes tailored for Kenyan teachers, organized by subject and grade.\r\n-Contains Term 1 and Two lessons","hits":"0","date_uploaded":"2025-07-14 11:10:09"},{"id":"111","title":"CRE GRADE 6 NOTES.docx","category_id":"2","level_id":"2","grade_id":"8","term_id":"23","price":"40","filename":"primary-notes\/upper-primary\/grade-6\/term-2\/1752491665_CREGRADE6NOTES.docx","description":"Simplify your lesson with downloadable lesson notes tailored for Kenyan teachers, organized by subject and grade.\r\n-Contains Term 1 and Two lessons","hits":"0","date_uploaded":"2025-07-14 11:14:25"},{"id":"112","title":"ENGLISH LESSON NOTES G9.docx","category_id":"6","level_id":"16","grade_id":"58","term_id":"","price":"40","filename":"jss-notes-topical\/junior-secondary\/grade-9\/1752492196_ENGLISHLESSONNOTESG9.docx","description":"Simplify your lesson with downloadable lesson notes tailored for Kenyan teachers, organized by subject and grade.\r\n-Contains Term 1 and Two lessons","hits":"0","date_uploaded":"2025-07-14 11:23:16"},{"id":"113","title":"G4 SCI-tech rationalised notes.docx","category_id":"2","level_id":"2","grade_id":"6","term_id":"17","price":"40","filename":"primary-notes\/upper-primary\/grade-4\/term-2\/1752492661_G4SCItechrationalisednotes.docx","description":"Simplify your lesson with downloadable lesson notes tailored for Kenyan teachers, organized by subject and grade.\r\n-Contains Term 1 and Two lessons","hits":"0","date_uploaded":"2025-07-14 11:31:01"},{"id":"114","title":"G4 SOCIAL STUDIES RATIONALISED NOTES -.docx","category_id":"2","level_id":"2","grade_id":"6","term_id":"17","price":"40","filename":"primary-notes\/upper-primary\/grade-4\/term-2\/1752492903_G4SSTRATIONALISEDNOTES-.docx","description":"Simplify your lesson with downloadable lesson notes tailored for Kenyan teachers, organized by subject and grade.\r\n-Contains Term 1 and Two lessons","hits":"0","date_uploaded":"2025-07-14 11:35:03"},{"id":"115","title":"GR 8 TERM 2 AGRI NUTRITION NOTES.doc","category_id":"6","level_id":"16","grade_id":"57","term_id":"","price":"30","filename":"jss-notes-topical\/junior-secondary\/grade-8\/1752521215_GR8TERM2AGRINUTRITIONNOTES.doc","description":"Simplify your lesson with downloadable lesson notes tailored for Kenyan teachers, organized by subject and grade.\r\n-Contains Term 1 and Two lessons","hits":"0","date_uploaded":"2025-07-14 19:26:55"},{"id":"116","title":"Grade 3 Rationalized Creative Arts Notes Term 1.docx","category_id":"2","level_id":"1","grade_id":"5","term_id":"13","price":"30","filename":"primary-notes\/lower-primary\/grade-3\/term-1\/1752521291_Grade3RationalizedCreativeArtsNotesTerm1.docx","description":"Simplify your lesson with downloadable lesson notes tailored for Kenyan teachers, organized by subject and grade.\r\n-Contains Term 1 and Two lessons","hits":"0","date_uploaded":"2025-07-14 19:28:11"},{"id":"117","title":"GRADE 6 CREATIVE ARTS NOTES.docx","category_id":"2","level_id":"1","grade_id":"5","term_id":"14","price":"30","filename":"primary-notes\/lower-primary\/grade-3\/term-2\/1752521429_GRADE6CREATIVEARTSNOTES.docx","description":"Simplify your lesson with downloadable lesson notes tailored for Kenyan teachers, organized by subject and grade.\r\n-Contains Term 1 and Two lessons","hits":"0","date_uploaded":"2025-07-14 19:30:29"},{"id":"118","title":"GRADE 6 IRE NOTES.docx","category_id":"2","level_id":"2","grade_id":"8","term_id":"23","price":"30","filename":"primary-notes\/upper-primary\/grade-6\/term-2\/1752521542_GRADE6IRENOTES.docx","description":"Simplify your lesson with downloadable lesson notes tailored for Kenyan teachers, organized by subject and grade.\r\n-Contains Term 1 and Two lessons","hits":"0","date_uploaded":"2025-07-14 19:32:22"},{"id":"119","title":"GRADE 7 CRE NOTES complete.docx","category_id":"6","level_id":"16","grade_id":"56","term_id":"","price":"40","filename":"jss-notes-topical\/junior-secondary\/grade-7\/1752521625_GRADE7CRENOTEScomplete.docx","description":"Simplify your lesson with downloadable lesson notes tailored for Kenyan teachers, organized by subject and grade.\r\n-Contains Term 1 and Two lessons","hits":"0","date_uploaded":"2025-07-14 19:33:45"},{"id":"120","title":"GRADE 9 IRE NOTES v2.docx","category_id":"6","level_id":"16","grade_id":"58","term_id":"","price":"30","filename":"jss-notes-topical\/junior-secondary\/grade-9\/1752521718_GRADE9IRENOTESv2.docx","description":"Simplify your lesson with downloadable lesson notes tailored for Kenyan teachers, organized by subject and grade.\r\n-Contains Term 1 and Two lessons-COMPLETE NOTES","hits":"0","date_uploaded":"2025-07-14 19:35:18"},{"id":"121","title":"kiswahili-mufti-notes-form-3 .docx","category_id":"8","level_id":"18","grade_id":"64","term_id":"","price":"30","filename":"secondary-notes\/secondary\/form-3\/1752557841_kiswahili-mufti-notes-form-31.docx","description":"Simplify your lesson with downloadable lesson notes tailored for Kenyan teachers, organized by subject and grade.\r\n-Contains Term 1 and Two lessons-COMPLETE NOTES","hits":"0","date_uploaded":"2025-07-15 05:37:21"},{"id":"122","title":"NEW AGRI G4 RATIONALISED NOTES.docx","category_id":"2","level_id":"2","grade_id":"6","term_id":"17","price":"30","filename":"primary-notes\/upper-primary\/grade-4\/term-2\/1752557918_NEWAGRIG4RATIONALISEDNOTES.docx","description":"Simplify your lesson with downloadable lesson notes tailored for Kenyan teachers, organized by subject and grade.\r\n-Contains Term 1 and Two lessons-COMPLETE NOTES","hits":"0","date_uploaded":"2025-07-15 05:38:38"},{"id":"123","title":"NEW AGRI G5 RATIONALISED NOTES.docx","category_id":"2","level_id":"2","grade_id":"7","term_id":"20","price":"40","filename":"primary-notes\/upper-primary\/grade-5\/term-2\/1752558026_NEWAGRIG5RATIONALISEDNOTES.docx","description":"Simplify your lesson with downloadable lesson notes tailored for Kenyan teachers, organized by subject and grade.\r\n-Contains Term 1, Term 2, and Term  3 lessons-COMPLETE NOTES","hits":"0","date_uploaded":"2025-07-15 05:40:26"},{"id":"124","title":"NEW AGRI G7 RATIONALISED NOTES.docx","category_id":"6","level_id":"16","grade_id":"56","term_id":"","price":"30","filename":"jss-notes-topical\/junior-secondary\/grade-7\/1752558097_NEWAGRIG7RATIONALISEDNOTES.docx","description":"Simplify your lesson with downloadable lesson notes tailored for Kenyan teachers, organized by subject and grade.\r\n-Contains Term 1, Term 2, and Term  3 lessons-COMPLETE NOTES","hits":"0","date_uploaded":"2025-07-15 05:41:37"},{"id":"125","title":"NEW CAS G6 RATIONALISED NOTES.docx","category_id":"2","level_id":"2","grade_id":"8","term_id":"23","price":"30","filename":"primary-notes\/upper-primary\/grade-6\/term-2\/1752558169_NEWCASG6RATIONALISEDNOTES.docx","description":"Simplify your lesson with downloadable lesson notes tailored for Kenyan teachers, organized by subject and grade.\r\n-Contains Term 1, Term 2, and Term  3 lessons-COMPLETE NOTES","hits":"0","date_uploaded":"2025-07-15 05:42:49"},{"id":"126","title":"NEW CAS G8 RATIONALISED NOTES.docx","category_id":"6","level_id":"16","grade_id":"57","term_id":"","price":"40","filename":"jss-notes-topical\/junior-secondary\/grade-8\/1752558259_NEWCASG8RATIONALISEDNOTES.docx","description":"Simplify your lesson with downloadable lesson notes tailored for Kenyan teachers, organized by subject and grade.\r\n-Contains Term 1, Term 2, and Term  3 lessons-COMPLETE NOTES","hits":"0","date_uploaded":"2025-07-15 05:44:19"},{"id":"127","title":"NEW kisw G4 RATIONALISED NOTES.docx","category_id":"2","level_id":"2","grade_id":"6","term_id":"17","price":"40","filename":"primary-notes\/upper-primary\/grade-4\/term-2\/1752558354_NEWkiswG4RATIONALISEDNOTES.docx","description":"Simplify your lesson with downloadable lesson notes tailored for Kenyan teachers, organized by subject and grade.\r\n-Contains Term 1, Term 2, and Term  3 lessons-COMPLETE NOTES","hits":"0","date_uploaded":"2025-07-15 05:45:54"},{"id":"128","title":"NEW PRE TECH G7 LESSON NOTES.docx","category_id":"6","level_id":"16","grade_id":"56","term_id":"","price":"40","filename":"jss-notes-topical\/junior-secondary\/grade-7\/1752558474_NEWPRETECHG7LESSONNOTES.docx","description":"Simplify your lesson with downloadable lesson notes tailored for Kenyan teachers, organized by subject and grade.\r\n-Contains Term 1, Term 2, and Term  3 lessons-COMPLETE NOTES","hits":"0","date_uploaded":"2025-07-15 05:47:54"},{"id":"129","title":"NEW rationalised INT SCI G7 LESSON NOTES.docx","category_id":"6","level_id":"16","grade_id":"56","term_id":"","price":"30","filename":"jss-notes-topical\/junior-secondary\/grade-7\/1752558616_NEWrationalisedINTSCIG7LESSONNOTES.docx","description":"Simplify your lesson with downloadable lesson notes tailored for Kenyan teachers, organized by subject and grade.\r\n-Contains Term 1, Term 2, and Term  3 lessons-COMPLETE NOTES","hits":"0","date_uploaded":"2025-07-15 05:50:16"},{"id":"130","title":"NEW rationalised SST G4 LESSON NOTES.docx","category_id":"2","level_id":"2","grade_id":"6","term_id":"17","price":"40","filename":"primary-notes\/upper-primary\/grade-4\/term-2\/1752558775_NEWrationalisedSSTG4LESSONNOTES.docx","description":"Simplify your lesson with downloadable lesson notes tailored for Kenyan teachers, organized by subject and grade.\r\n-Contains Term 1, Term 2, and Term  3 lessons-COMPLETE NOTES","hits":"0","date_uploaded":"2025-07-15 05:52:55"},{"id":"131","title":"NEW SCI n TECH G5 LESSON NOTES.docx","category_id":"2","level_id":"2","grade_id":"7","term_id":"20","price":"30","filename":"primary-notes\/upper-primary\/grade-5\/term-2\/1752559210_NEWSCInTECHG5LESSONNOTES.docx","description":"Simplify your lesson with downloadable lesson notes tailored for Kenyan teachers, organized by subject and grade.\r\n-Contains Term 1, Term 2, and Term  3 lessons-COMPLETE NOTES","hits":"0","date_uploaded":"2025-07-15 06:00:10"},{"id":"132","title":"NEW SCI n TECH G6 LESSON NOTES.docx","category_id":"2","level_id":"2","grade_id":"8","term_id":"23","price":"30","filename":"primary-notes\/upper-primary\/grade-6\/term-2\/1752559270_NEWSCInTECHG6LESSONNOTES.docx","description":"Simplify your lesson with downloadable lesson notes tailored for Kenyan teachers, organized by subject and grade.\r\n-Contains Term 1, Term 2, and Term  3 lessons-COMPLETE NOTES","hits":"0","date_uploaded":"2025-07-15 06:01:10"},{"id":"133","title":"NEW SST G7 LESSON NOTES.docx","category_id":"6","level_id":"16","grade_id":"56","term_id":"","price":"30","filename":"jss-notes-topical\/junior-secondary\/grade-7\/1752559893_NEWSSTG7LESSONNOTES.docx","description":"Simplify your lesson with downloadable lesson notes tailored for Kenyan teachers, organized by subject and grade.\r\n-Contains Term 1, Term 2, and Term  3 lessons-COMPLETE NOTES","hits":"0","date_uploaded":"2025-07-15 06:11:33"},{"id":"134","title":"SST G4 LESSON NOTES.docx","category_id":"2","level_id":"2","grade_id":"6","term_id":"17","price":"30","filename":"primary-notes\/upper-primary\/grade-4\/term-2\/1752559964_SSTG4LESSONNOTES.docx","description":"Simplify your lesson with downloadable lesson notes tailored for Kenyan teachers, organized by subject and grade.\r\n-Contains Term 1, Term 2, and Term  3 lessons-COMPLETE NOTES","hits":"0","date_uploaded":"2025-07-15 06:12:44"},{"id":"135","title":"SST G8 LESSON NOTES.docx","category_id":"6","level_id":"16","grade_id":"57","term_id":"","price":"40","filename":"jss-notes-topical\/junior-secondary\/grade-8\/1752560286_SSTG8LESSONNOTES.docx","description":"Simplify your lesson with downloadable lesson notes tailored for Kenyan teachers, organized by subject and grade.\r\n-Contains Term 1, Term 2, and Term  3 lessons-COMPLETE NOTES","hits":"0","date_uploaded":"2025-07-15 06:18:06"},{"id":"136","title":"SST G9 LESSON NOTES.docx","category_id":"6","level_id":"16","grade_id":"58","term_id":"","price":"40","filename":"jss-notes-topical\/junior-secondary\/grade-9\/1752560387_SSTG9LESSONNOTES.docx","description":"Simplify your lesson with downloadable lesson notes tailored for Kenyan teachers, organized by subject and grade.\r\n-Contains Term 1, Term 2, and Term  3 lessons-COMPLETE NOTES","hits":"0","date_uploaded":"2025-07-15 06:19:47"},{"id":"137","title":"GRADE-7- mathematics-lesson-plans-term-2","category_id":"4","level_id":"7","grade_id":"25","term_id":"74","price":"20","filename":"lesson-plans\/junior-secondary\/grade-7\/term-2\/1752605867_TERM2.gr-7-mathematics-lesson-plans-term-2-1.doc","description":"Simplify your lesson with downloadable lesson Plans tailored for Kenyan teachers, organized by subject and grade.\r\n-Contains Term 1, Term 2, and Term  3 lessons-COMPLETE LESSON PLANS","hits":"0","date_uploaded":"2025-07-15 18:57:47"},{"id":"138","title":"TERM 2.gr-7-Kisw.grade-7-klb-top-scholar-kiswahili-lesson-plan-term-2.docx","category_id":"4","level_id":"7","grade_id":"25","term_id":"74","price":"10","filename":"lesson-plans\/junior-secondary\/grade-7\/term-2\/1752608780_.TERM2.gr-7-Kisw.grade-7-klb-top-scholar-kiswahili-lesson-plan-term-2.docx","description":"Simplify your lesson with downloadable lesson Plans tailored for Kenyan teachers, CBC compliant, organized by subject and grade.\r\n-Contains Term 2 lesson plans-COMPLETE LESSON PLANS","hits":"0","date_uploaded":"2025-07-15 19:46:20"},{"id":"139","title":"Grade 8 CRE Term 2 Lesson Plans.docx","category_id":"4","level_id":"7","grade_id":"26","term_id":"77","price":"15","filename":"lesson-plans\/junior-secondary\/grade-8\/term-2\/1752608825_Grade8CRETerm2LessonPlans.docx","description":"Simplify your lesson with downloadable lesson Plans tailored for Kenyan teachers, CBC compliant, organized by subject and grade.\r\n-Contains Term 2 lesson plans-COMPLETE LESSON PLANS","hits":"0","date_uploaded":"2025-07-15 19:47:05"},{"id":"140","title":"Grade 8 English Term 2 Lesson Plans.docx","category_id":"4","level_id":"7","grade_id":"26","term_id":"77","price":"15","filename":"lesson-plans\/junior-secondary\/grade-8\/term-2\/1752608866_Grade8EnglishTerm2LessonPlans.docx","description":"Simplify your lesson with downloadable lesson Plans tailored for Kenyan teachers, CBC compliant, organized by subject and grade.\r\n-Contains Term 2 lesson plans-COMPLETE LESSON PLANS","hits":"0","date_uploaded":"2025-07-15 19:47:46"},{"id":"141","title":"Grade 8 Intergrated Science Term 2 Lesson Plans.docx","category_id":"4","level_id":"7","grade_id":"26","term_id":"77","price":"15","filename":"lesson-plans\/junior-secondary\/grade-8\/term-2\/1752608918_Grade8IntergratedScienceTerm2LessonPlans.docx","description":"Simplify your lesson with downloadable lesson Plans tailored for Kenyan teachers, CBC compliant, organized by subject and grade.\r\n-Contains Term 2 lesson plans-COMPLETE LESSON PLANS","hits":"0","date_uploaded":"2025-07-15 19:48:38"},{"id":"142","title":"GRADE 8 TERM 2 MATHEMATICS LESSON PLANS.docx","category_id":"4","level_id":"7","grade_id":"26","term_id":"77","price":"10","filename":"lesson-plans\/junior-secondary\/grade-8\/term-2\/1752608953_GRADE8TERM2MATHEMATICSLESSONPLANS.docx","description":"Simplify your lesson with downloadable lesson Plans tailored for Kenyan teachers, CBC compliant, organized by subject and grade.\r\n-Contains Term 2 lesson plans-COMPLETE LESSON PLANS","hits":"0","date_uploaded":"2025-07-15 19:49:13"},{"id":"143","title":"Grade 9 Rationalized CRE Lesson Plans Term 2.docx","category_id":"4","level_id":"7","grade_id":"27","term_id":"80","price":"15","filename":"lesson-plans\/junior-secondary\/grade-9\/term-2\/1752608994_Grade9RationalizedCRELessonPlansTerm2.docx","description":"Simplify your lesson with downloadable lesson Plans tailored for Kenyan teachers, CBC compliant, organized by subject and grade.\r\n-Contains Term 2 lesson plans-COMPLETE LESSON PLANS","hits":"0","date_uploaded":"2025-07-15 19:49:54"},{"id":"144","title":"Grade 9 Rationalized English Lesson Plans Term 2.docx","category_id":"4","level_id":"7","grade_id":"27","term_id":"80","price":"10","filename":"lesson-plans\/junior-secondary\/grade-9\/term-2\/1752609044_Grade9RationalizedEnglishLessonPlansTerm2.docx","description":"Simplify your lesson with downloadable lesson Plans tailored for Kenyan teachers, CBC compliant, organized by subject and grade.\r\n-Contains Term 2 lesson plans-COMPLETE LESSON PLANS","hits":"0","date_uploaded":"2025-07-15 19:50:44"},{"id":"145","title":"Grade 9 Rationalized English Lesson Plans Term 2--Edited--.docx","category_id":"4","level_id":"7","grade_id":"27","term_id":"80","price":"10","filename":"lesson-plans\/junior-secondary\/grade-9\/term-2\/1752609160_Grade9RationalizedEnglishLessonPlansTerm2-1.docx","description":"Simplify your lesson with downloadable lesson Plans tailored for Kenyan teachers, CBC compliant, organized by subject and grade.\r\n-Contains Term 2 lesson plans-COMPLETE LESSON PLANS","hits":"0","date_uploaded":"2025-07-15 19:52:40"},{"id":"146","title":"CAS G9 Records Of Work Term 1","category_id":"16","level_id":"49","grade_id":"176","term_id":"","price":"10","filename":"records-of-work\/junior-secondary\/grade-9\/1752853990_CASG9RecordsOfWorkTerm1-.docx","description":"Records of work are drawn from various books and are editable to fit your specifications.","hits":"0","date_uploaded":"2025-07-18 15:53:10"},{"id":"147","title":"CRE G6 ROW T2.docx","category_id":"16","level_id":"48","grade_id":"173","term_id":"","price":"10","filename":"records-of-work\/upper-primary\/grade-6\/1752854090_CREG6ROWT2.docx","description":"Records of work are drawn from various books and are editable to fit your specifications. Confirm the 'TERM' before downloading.","hits":"0","date_uploaded":"2025-07-18 15:54:50"},{"id":"148","title":"MATH G8 ROW TERM 2.docx","category_id":"16","level_id":"49","grade_id":"175","term_id":"","price":"10","filename":"records-of-work\/junior-secondary\/grade-8\/1752854198_MATHG8ROWT2.docx","description":"Records of work are drawn from various books and are editable to fit your specifications. Confirm the 'TERM' before downloading.","hits":"0","date_uploaded":"2025-07-18 15:56:38"},{"id":"149","title":"PRE TECH 7 ROW T2.docx","category_id":"16","level_id":"49","grade_id":"174","term_id":"","price":"10","filename":"records-of-work\/junior-secondary\/grade-7\/1752854247_PRETECH7ROWT2.docx","description":"Records of work are drawn from various books and are editable to fit your specifications. Confirm the 'TERM' before downloading.","hits":"0","date_uploaded":"2025-07-18 15:57:27"},{"id":"150","title":"PRE TECH 8 ROW T2.docx","category_id":"16","level_id":"49","grade_id":"175","term_id":"","price":"10","filename":"records-of-work\/junior-secondary\/grade-8\/1752854308_PRETECH8ROWT2.docx","description":"Records of work are drawn from various books and are editable to fit your specifications. Confirm the 'TERM' before downloading.","hits":"0","date_uploaded":"2025-07-18 15:58:28"}]