[{"id":"1","title":"Schemes of Work","slug":"schemes-of-work","description":"","parent_id":"0","icon":"<svg class='icon' viewBox='0 0 24 24' fill='none' stroke='currentColor' stroke-width='2'><path d='M4 19.5A2.5 2.5 0 0 1 6.5 17H20' \/><path d='M4 4.5A2.5 2.5 0 0 1 6.5 7H20v13H6.5A2.5 2.5 0 0 0 4 22V4.5z' \/><\/svg>"},{"id":"2","title":"Primary Notes","slug":"primary-notes","description":"","parent_id":"0","icon":"<svg class='icon' viewBox='0 0 24 24' fill='none' stroke='currentColor' stroke-width='2'><path d='M4 19.5A2.5 2.5 0 0 1 6.5 17H20' \/><path d='M4 4.5A2.5 2.5 0 0 1 6.5 7H20v13H6.5A2.5 2.5 0 0 0 4 22V4.5z' \/><\/svg>"},{"id":"3","title":"Primary Exams and Assessments","slug":"primary-exams-assessments","description":"","parent_id":"0","icon":"<svg class='icon' viewBox='0 0 24 24' fill='none' stroke='currentColor' stroke-width='2'><path d='M4 19.5A2.5 2.5 0 0 1 6.5 17H20' \/><path d='M4 4.5A2.5 2.5 0 0 1 6.5 7H20v13H6.5A2.5 2.5 0 0 0 4 22V4.5z' \/><\/svg>"},{"id":"4","title":"Lesson Plans","slug":"lesson-plans","description":"","parent_id":"0","icon":"<svg class='icon' viewBox='0 0 24 24' fill='none' stroke='currentColor' stroke-width='2'><path d='M4 19.5A2.5 2.5 0 0 1 6.5 17H20' \/><path d='M4 4.5A2.5 2.5 0 0 1 6.5 7H20v13H6.5A2.5 2.5 0 0 0 4 22V4.5z' \/><\/svg>"},{"id":"5","title":"Exams","slug":"exams","description":"","parent_id":"0","icon":"<svg class='icon' viewBox='0 0 24 24' fill='none' stroke='currentColor' stroke-width='2'><path d='M4 19.5A2.5 2.5 0 0 1 6.5 17H20' \/><path d='M4 4.5A2.5 2.5 0 0 1 6.5 7H20v13H6.5A2.5 2.5 0 0 0 4 22V4.5z' \/><\/svg>"},{"id":"6","title":"JSS Notes and Topical Booklets","slug":"jss-notes-topical","description":"","parent_id":"0","icon":"<svg class='icon' viewBox='0 0 24 24' fill='none' stroke='currentColor' stroke-width='2'><path d='M4 19.5A2.5 2.5 0 0 1 6.5 17H20' \/><path d='M4 4.5A2.5 2.5 0 0 1 6.5 7H20v13H6.5A2.5 2.5 0 0 0 4 22V4.5z' \/><\/svg>"},{"id":"7","title":"JSS Assessments and Exams","slug":"jss-assessments-exams","description":"","parent_id":"0","icon":"<svg class='icon' viewBox='0 0 24 24' fill='none' stroke='currentColor' stroke-width='2'><path d='M4 19.5A2.5 2.5 0 0 1 6.5 17H20' \/><path d='M4 4.5A2.5 2.5 0 0 1 6.5 7H20v13H6.5A2.5 2.5 0 0 0 4 22V4.5z' \/><\/svg>"},{"id":"8","title":"Secondary Notes","slug":"secondary-notes","description":"","parent_id":"0","icon":"<svg class='icon' viewBox='0 0 24 24' fill='none' stroke='currentColor' stroke-width='2'><path d='M4 19.5A2.5 2.5 0 0 1 6.5 17H20' \/><path d='M4 4.5A2.5 2.5 0 0 1 6.5 7H20v13H6.5A2.5 2.5 0 0 0 4 22V4.5z' \/><\/svg>"},{"id":"9","title":"Senior School Notes","slug":"senior-school-notes","description":"","parent_id":"0","icon":"<svg class='icon' viewBox='0 0 24 24' fill='none' stroke='currentColor' stroke-width='2'><path d='M4 19.5A2.5 2.5 0 0 1 6.5 17H20' \/><path d='M4 4.5A2.5 2.5 0 0 1 6.5 7H20v13H6.5A2.5 2.5 0 0 0 4 22V4.5z' \/><\/svg>"},{"id":"10","title":"KCSE Revision Exams","slug":"kcse-revision","description":"","parent_id":"0","icon":"<svg class='icon' viewBox='0 0 24 24' fill='none' stroke='currentColor' stroke-width='2'><path d='M4 19.5A2.5 2.5 0 0 1 6.5 17H20' \/><path d='M4 4.5A2.5 2.5 0 0 1 6.5 7H20v13H6.5A2.5 2.5 0 0 0 4 22V4.5z' \/><\/svg>"},{"id":"11","title":"CBC Curriculum Designs","slug":"cbc-curriculum","description":"","parent_id":"0","icon":"<svg class='icon' viewBox='0 0 24 24' fill='none' stroke='currentColor' stroke-width='2'><path d='M4 19.5A2.5 2.5 0 0 1 6.5 17H20' \/><path d='M4 4.5A2.5 2.5 0 0 1 6.5 7H20v13H6.5A2.5 2.5 0 0 0 4 22V4.5z' \/><\/svg>"},{"id":"12","title":"TESTS-CBC","slug":"tests-cbc","description":"","parent_id":"0","icon":"<svg class='icon' viewBox='0 0 24 24' fill='none' stroke='currentColor' stroke-width='2'><path d='M4 19.5A2.5 2.5 0 0 1 6.5 17H20' \/><path d='M4 4.5A2.5 2.5 0 0 1 6.5 7H20v13H6.5A2.5 2.5 0 0 0 4 22V4.5z' \/><\/svg>"},{"id":"13","title":"CBC Assessment Books","slug":"cbc-assessment-books","description":"","parent_id":"0","icon":"<svg class='icon' viewBox='0 0 24 24' fill='none' stroke='currentColor' stroke-width='2'><path d='M4 19.5A2.5 2.5 0 0 1 6.5 17H20' \/><path d='M4 4.5A2.5 2.5 0 0 1 6.5 7H20v13H6.5A2.5 2.5 0 0 0 4 22V4.5z' \/><\/svg>"},{"id":"14","title":"Assessment Rubrics - CBC","slug":"assessment-rubrics-cbc","description":"","parent_id":"0","icon":"<svg class='icon' viewBox='0 0 24 24' fill='none' stroke='currentColor' stroke-width='2'><path d='M4 19.5A2.5 2.5 0 0 1 6.5 17H20' \/><path d='M4 4.5A2.5 2.5 0 0 1 6.5 7H20v13H6.5A2.5 2.5 0 0 0 4 22V4.5z' \/><\/svg>"},{"id":"15","title":"College","slug":"college","description":"","parent_id":"0","icon":"<svg class='icon' viewBox='0 0 24 24' fill='none' stroke='currentColor' stroke-width='2'><path d='M4 19.5A2.5 2.5 0 0 1 6.5 17H20' \/><path d='M4 4.5A2.5 2.5 0 0 1 6.5 7H20v13H6.5A2.5 2.5 0 0 0 4 22V4.5z' \/><\/svg>"},{"id":"16","title":"Records of Work","slug":"records-of-work","description":"","parent_id":"0","icon":"<svg class='icon' viewBox='0 0 24 24' fill='none' stroke='currentColor' stroke-width='2'><path d='M4 19.5A2.5 2.5 0 0 1 6.5 17H20' \/><path d='M4 4.5A2.5 2.5 0 0 1 6.5 7H20v13H6.5A2.5 2.5 0 0 0 4 22V4.5z' \/><\/svg>"},{"id":"17","title":"Termly Lesson Plans","slug":"termly-lesson-plans","description":"","parent_id":"0","icon":"<svg class='icon' viewBox='0 0 24 24' fill='none' stroke='currentColor' stroke-width='2'><path d='M4 19.5A2.5 2.5 0 0 1 6.5 17H20' \/><path d='M4 4.5A2.5 2.5 0 0 1 6.5 7H20v13H6.5A2.5 2.5 0 0 0 4 22V4.5z' \/><\/svg>"},{"id":"18","title":"Topical Questions","slug":"topical-questions","description":"","parent_id":"0","icon":"<svg class='icon' viewBox='0 0 24 24' fill='none' stroke='currentColor' stroke-width='2'><path d='M4 19.5A2.5 2.5 0 0 1 6.5 17H20' \/><path d='M4 4.5A2.5 2.5 0 0 1 6.5 7H20v13H6.5A2.5 2.5 0 0 0 4 22V4.5z' \/><\/svg>"},{"id":"19","title":"Textbooks","slug":"textbooks","description":"","parent_id":"0","icon":"<svg class='icon' viewBox='0 0 24 24' fill='none' stroke='currentColor' stroke-width='2'><path d='M4 19.5A2.5 2.5 0 0 1 6.5 17H20' \/><path d='M4 4.5A2.5 2.5 0 0 1 6.5 7H20v13H6.5A2.5 2.5 0 0 0 4 22V4.5z' \/><\/svg>"}]