[{"id":"1","level_id":"1","slug":"pp1","title":"PP1","description":"Pre-Primary 1","ordinal":"1"},{"id":"2","level_id":"1","slug":"pp2","title":"PP2","description":"Pre-Primary 2","ordinal":"2"},{"id":"3","level_id":"1","slug":"grade-1","title":"Grade 1","description":"Grade 1","ordinal":"3"},{"id":"4","level_id":"1","slug":"grade-2","title":"Grade 2","description":"Grade 2","ordinal":"4"},{"id":"5","level_id":"1","slug":"grade-3","title":"Grade 3","description":"Grade 3","ordinal":"5"},{"id":"6","level_id":"2","slug":"grade-4","title":"Grade 4","description":"Grade 4","ordinal":"1"},{"id":"7","level_id":"2","slug":"grade-5","title":"Grade 5","description":"Grade 5","ordinal":"2"},{"id":"8","level_id":"2","slug":"grade-6","title":"Grade 6","description":"Grade 6","ordinal":"3"},{"id":"9","level_id":"3","slug":"pp1","title":"PP1","description":"Pre-Primary 1","ordinal":"1"},{"id":"10","level_id":"3","slug":"pp2","title":"PP2","description":"Pre-Primary 2","ordinal":"2"},{"id":"11","level_id":"3","slug":"grade-1","title":"Grade 1","description":"Grade 1","ordinal":"3"},{"id":"12","level_id":"3","slug":"grade-2","title":"Grade 2","description":"Grade 2","ordinal":"4"},{"id":"13","level_id":"3","slug":"grade-3","title":"Grade 3","description":"Grade 3","ordinal":"5"},{"id":"14","level_id":"4","slug":"grade-4","title":"Grade 4","description":"Grade 4","ordinal":"1"},{"id":"15","level_id":"4","slug":"grade-5","title":"Grade 5","description":"Grade 5","ordinal":"2"},{"id":"16","level_id":"4","slug":"grade-6","title":"Grade 6","description":"Grade 6","ordinal":"3"},{"id":"17","level_id":"5","slug":"pp1","title":"PP1","description":"Pre-Primary 1","ordinal":"1"},{"id":"18","level_id":"5","slug":"pp2","title":"PP2","description":"Pre-Primary 2","ordinal":"2"},{"id":"19","level_id":"5","slug":"grade-1","title":"Grade 1","description":"Grade 1","ordinal":"3"},{"id":"20","level_id":"5","slug":"grade-2","title":"Grade 2","description":"Grade 2","ordinal":"4"},{"id":"21","level_id":"5","slug":"grade-3","title":"Grade 3","description":"Grade 3","ordinal":"5"},{"id":"22","level_id":"6","slug":"grade-4","title":"Grade 4","description":"Grade 4","ordinal":"1"},{"id":"23","level_id":"6","slug":"grade-5","title":"Grade 5","description":"Grade 5","ordinal":"2"},{"id":"24","level_id":"6","slug":"grade-6","title":"Grade 6","description":"Grade 6","ordinal":"3"},{"id":"25","level_id":"7","slug":"grade-7","title":"Grade 7","description":"Grade 7","ordinal":"1"},{"id":"26","level_id":"7","slug":"grade-8","title":"Grade 8","description":"Grade 8","ordinal":"2"},{"id":"27","level_id":"7","slug":"grade-9","title":"Grade 9","description":"Grade 9","ordinal":"3"},{"id":"28","level_id":"8","slug":"form-1","title":"Form 1","description":"Form 1","ordinal":"1"},{"id":"29","level_id":"8","slug":"form-2","title":"Form 2","description":"Form 2","ordinal":"2"},{"id":"30","level_id":"8","slug":"form-3","title":"Form 3","description":"Form 3","ordinal":"3"},{"id":"31","level_id":"8","slug":"form-4","title":"Form 4","description":"Form 4","ordinal":"4"},{"id":"32","level_id":"9","slug":"grade-10","title":"Grade 10","description":"Grade 10","ordinal":"1"},{"id":"33","level_id":"9","slug":"grade-11","title":"Grade 11","description":"Grade 11","ordinal":"2"},{"id":"34","level_id":"9","slug":"grade-12","title":"Grade 12","description":"Grade 12","ordinal":"3"},{"id":"35","level_id":"10","slug":"year-1","title":"Year 1","description":"Year 1","ordinal":"1"},{"id":"36","level_id":"10","slug":"year-2","title":"Year 2","description":"Year 2","ordinal":"2"},{"id":"37","level_id":"10","slug":"year-3","title":"Year 3","description":"Year 3","ordinal":"3"},{"id":"38","level_id":"11","slug":"pp1","title":"PP1","description":"Pre-Primary 1","ordinal":"1"},{"id":"39","level_id":"11","slug":"pp2","title":"PP2","description":"Pre-Primary 2","ordinal":"2"},{"id":"40","level_id":"11","slug":"grade-1","title":"Grade 1","description":"Grade 1","ordinal":"3"},{"id":"41","level_id":"11","slug":"grade-2","title":"Grade 2","description":"Grade 2","ordinal":"4"},{"id":"42","level_id":"11","slug":"grade-3","title":"Grade 3","description":"Grade 3","ordinal":"5"},{"id":"43","level_id":"12","slug":"grade-4","title":"Grade 4","description":"Grade 4","ordinal":"1"},{"id":"44","level_id":"12","slug":"grade-5","title":"Grade 5","description":"Grade 5","ordinal":"2"},{"id":"45","level_id":"12","slug":"grade-6","title":"Grade 6","description":"Grade 6","ordinal":"3"},{"id":"46","level_id":"13","slug":"grade-7","title":"Grade 7","description":"Grade 7","ordinal":"1"},{"id":"47","level_id":"13","slug":"grade-8","title":"Grade 8","description":"Grade 8","ordinal":"2"},{"id":"48","level_id":"13","slug":"grade-9","title":"Grade 9","description":"Grade 9","ordinal":"3"},{"id":"49","level_id":"14","slug":"form-1","title":"Form 1","description":"Form 1","ordinal":"1"},{"id":"50","level_id":"14","slug":"form-2","title":"Form 2","description":"Form 2","ordinal":"2"},{"id":"51","level_id":"14","slug":"form-3","title":"Form 3","description":"Form 3","ordinal":"3"},{"id":"52","level_id":"14","slug":"form-4","title":"Form 4","description":"Form 4","ordinal":"4"},{"id":"53","level_id":"15","slug":"grade-10","title":"Grade 10","description":"Grade 10","ordinal":"1"},{"id":"54","level_id":"15","slug":"grade-11","title":"Grade 11","description":"Grade 11","ordinal":"2"},{"id":"55","level_id":"15","slug":"grade-12","title":"Grade 12","description":"Grade 12","ordinal":"3"},{"id":"56","level_id":"16","slug":"grade-7","title":"Grade 7","description":"Grade 7","ordinal":"1"},{"id":"57","level_id":"16","slug":"grade-8","title":"Grade 8","description":"Grade 8","ordinal":"2"},{"id":"58","level_id":"16","slug":"grade-9","title":"Grade 9","description":"Grade 9","ordinal":"3"},{"id":"59","level_id":"17","slug":"grade-7","title":"Grade 7","description":"Grade 7","ordinal":"1"},{"id":"60","level_id":"17","slug":"grade-8","title":"Grade 8","description":"Grade 8","ordinal":"2"},{"id":"61","level_id":"17","slug":"grade-9","title":"Grade 9","description":"Grade 9","ordinal":"3"},{"id":"62","level_id":"18","slug":"form-1","title":"Form 1","description":"Form 1","ordinal":"1"},{"id":"63","level_id":"18","slug":"form-2","title":"Form 2","description":"Form 2","ordinal":"2"},{"id":"64","level_id":"18","slug":"form-3","title":"Form 3","description":"Form 3","ordinal":"3"},{"id":"65","level_id":"18","slug":"form-4","title":"Form 4","description":"Form 4","ordinal":"4"},{"id":"66","level_id":"19","slug":"grade-10","title":"Grade 10","description":"Grade 10","ordinal":"1"},{"id":"67","level_id":"19","slug":"grade-11","title":"Grade 11","description":"Grade 11","ordinal":"2"},{"id":"68","level_id":"19","slug":"grade-12","title":"Grade 12","description":"Grade 12","ordinal":"3"},{"id":"69","level_id":"20","slug":"form-1","title":"Form 1","description":"Form 1","ordinal":"1"},{"id":"70","level_id":"20","slug":"form-2","title":"Form 2","description":"Form 2","ordinal":"2"},{"id":"71","level_id":"20","slug":"form-3","title":"Form 3","description":"Form 3","ordinal":"3"},{"id":"72","level_id":"20","slug":"form-4","title":"Form 4","description":"Form 4","ordinal":"4"},{"id":"73","level_id":"21","slug":"pp1","title":"PP1","description":"Pre-Primary 1","ordinal":"1"},{"id":"74","level_id":"21","slug":"pp2","title":"PP2","description":"Pre-Primary 2","ordinal":"2"},{"id":"75","level_id":"21","slug":"grade-1","title":"Grade 1","description":"Grade 1","ordinal":"3"},{"id":"76","level_id":"21","slug":"grade-2","title":"Grade 2","description":"Grade 2","ordinal":"4"},{"id":"77","level_id":"21","slug":"grade-3","title":"Grade 3","description":"Grade 3","ordinal":"5"},{"id":"78","level_id":"22","slug":"grade-4","title":"Grade 4","description":"Grade 4","ordinal":"1"},{"id":"79","level_id":"22","slug":"grade-5","title":"Grade 5","description":"Grade 5","ordinal":"2"},{"id":"80","level_id":"22","slug":"grade-6","title":"Grade 6","description":"Grade 6","ordinal":"3"},{"id":"81","level_id":"23","slug":"grade-7","title":"Grade 7","description":"Grade 7","ordinal":"1"},{"id":"82","level_id":"23","slug":"grade-8","title":"Grade 8","description":"Grade 8","ordinal":"2"},{"id":"83","level_id":"23","slug":"grade-9","title":"Grade 9","description":"Grade 9","ordinal":"3"},{"id":"84","level_id":"24","slug":"form-1","title":"Form 1","description":"Form 1","ordinal":"1"},{"id":"85","level_id":"24","slug":"form-2","title":"Form 2","description":"Form 2","ordinal":"2"},{"id":"86","level_id":"24","slug":"form-3","title":"Form 3","description":"Form 3","ordinal":"3"},{"id":"87","level_id":"24","slug":"form-4","title":"Form 4","description":"Form 4","ordinal":"4"},{"id":"88","level_id":"25","slug":"grade-10","title":"Grade 10","description":"Grade 10","ordinal":"1"},{"id":"89","level_id":"25","slug":"grade-11","title":"Grade 11","description":"Grade 11","ordinal":"2"},{"id":"90","level_id":"25","slug":"grade-12","title":"Grade 12","description":"Grade 12","ordinal":"3"},{"id":"91","level_id":"26","slug":"pp1","title":"PP1","description":"Pre-Primary 1","ordinal":"1"},{"id":"92","level_id":"26","slug":"pp2","title":"PP2","description":"Pre-Primary 2","ordinal":"2"},{"id":"93","level_id":"26","slug":"grade-1","title":"Grade 1","description":"Grade 1","ordinal":"3"},{"id":"94","level_id":"26","slug":"grade-2","title":"Grade 2","description":"Grade 2","ordinal":"4"},{"id":"95","level_id":"26","slug":"grade-3","title":"Grade 3","description":"Grade 3","ordinal":"5"},{"id":"96","level_id":"27","slug":"grade-4","title":"Grade 4","description":"Grade 4","ordinal":"1"},{"id":"97","level_id":"27","slug":"grade-5","title":"Grade 5","description":"Grade 5","ordinal":"2"},{"id":"98","level_id":"27","slug":"grade-6","title":"Grade 6","description":"Grade 6","ordinal":"3"},{"id":"99","level_id":"28","slug":"grade-7","title":"Grade 7","description":"Grade 7","ordinal":"1"},{"id":"100","level_id":"28","slug":"grade-8","title":"Grade 8","description":"Grade 8","ordinal":"2"},{"id":"101","level_id":"28","slug":"grade-9","title":"Grade 9","description":"Grade 9","ordinal":"3"},{"id":"102","level_id":"29","slug":"form-1","title":"Form 1","description":"Form 1","ordinal":"1"},{"id":"103","level_id":"29","slug":"form-2","title":"Form 2","description":"Form 2","ordinal":"2"},{"id":"104","level_id":"29","slug":"form-3","title":"Form 3","description":"Form 3","ordinal":"3"},{"id":"105","level_id":"29","slug":"form-4","title":"Form 4","description":"Form 4","ordinal":"4"},{"id":"106","level_id":"30","slug":"grade-10","title":"Grade 10","description":"Grade 10","ordinal":"1"},{"id":"107","level_id":"30","slug":"grade-11","title":"Grade 11","description":"Grade 11","ordinal":"2"},{"id":"108","level_id":"30","slug":"grade-12","title":"Grade 12","description":"Grade 12","ordinal":"3"},{"id":"109","level_id":"31","slug":"pp1","title":"PP1","description":"Pre-Primary 1","ordinal":"1"},{"id":"110","level_id":"31","slug":"pp2","title":"PP2","description":"Pre-Primary 2","ordinal":"2"},{"id":"111","level_id":"31","slug":"grade-1","title":"Grade 1","description":"Grade 1","ordinal":"3"},{"id":"112","level_id":"31","slug":"grade-2","title":"Grade 2","description":"Grade 2","ordinal":"4"},{"id":"113","level_id":"31","slug":"grade-3","title":"Grade 3","description":"Grade 3","ordinal":"5"},{"id":"114","level_id":"32","slug":"grade-4","title":"Grade 4","description":"Grade 4","ordinal":"1"},{"id":"115","level_id":"32","slug":"grade-5","title":"Grade 5","description":"Grade 5","ordinal":"2"},{"id":"116","level_id":"32","slug":"grade-6","title":"Grade 6","description":"Grade 6","ordinal":"3"},{"id":"117","level_id":"33","slug":"grade-7","title":"Grade 7","description":"Grade 7","ordinal":"1"},{"id":"118","level_id":"33","slug":"grade-8","title":"Grade 8","description":"Grade 8","ordinal":"2"},{"id":"119","level_id":"33","slug":"grade-9","title":"Grade 9","description":"Grade 9","ordinal":"3"},{"id":"120","level_id":"34","slug":"form-1","title":"Form 1","description":"Form 1","ordinal":"1"},{"id":"121","level_id":"34","slug":"form-2","title":"Form 2","description":"Form 2","ordinal":"2"},{"id":"122","level_id":"34","slug":"form-3","title":"Form 3","description":"Form 3","ordinal":"3"},{"id":"123","level_id":"34","slug":"form-4","title":"Form 4","description":"Form 4","ordinal":"4"},{"id":"124","level_id":"35","slug":"grade-10","title":"Grade 10","description":"Grade 10","ordinal":"1"},{"id":"125","level_id":"35","slug":"grade-11","title":"Grade 11","description":"Grade 11","ordinal":"2"},{"id":"126","level_id":"35","slug":"grade-12","title":"Grade 12","description":"Grade 12","ordinal":"3"},{"id":"127","level_id":"36","slug":"pp1","title":"PP1","description":"Pre-Primary 1","ordinal":"1"},{"id":"128","level_id":"36","slug":"pp2","title":"PP2","description":"Pre-Primary 2","ordinal":"2"},{"id":"129","level_id":"36","slug":"grade-1","title":"Grade 1","description":"Grade 1","ordinal":"3"},{"id":"130","level_id":"36","slug":"grade-2","title":"Grade 2","description":"Grade 2","ordinal":"4"},{"id":"131","level_id":"36","slug":"grade-3","title":"Grade 3","description":"Grade 3","ordinal":"5"},{"id":"132","level_id":"37","slug":"grade-4","title":"Grade 4","description":"Grade 4","ordinal":"1"},{"id":"133","level_id":"37","slug":"grade-5","title":"Grade 5","description":"Grade 5","ordinal":"2"},{"id":"134","level_id":"37","slug":"grade-6","title":"Grade 6","description":"Grade 6","ordinal":"3"},{"id":"135","level_id":"38","slug":"grade-7","title":"Grade 7","description":"Grade 7","ordinal":"1"},{"id":"136","level_id":"38","slug":"grade-8","title":"Grade 8","description":"Grade 8","ordinal":"2"},{"id":"137","level_id":"38","slug":"grade-9","title":"Grade 9","description":"Grade 9","ordinal":"3"},{"id":"138","level_id":"39","slug":"form-1","title":"Form 1","description":"Form 1","ordinal":"1"},{"id":"139","level_id":"39","slug":"form-2","title":"Form 2","description":"Form 2","ordinal":"2"},{"id":"140","level_id":"39","slug":"form-3","title":"Form 3","description":"Form 3","ordinal":"3"},{"id":"141","level_id":"39","slug":"form-4","title":"Form 4","description":"Form 4","ordinal":"4"},{"id":"142","level_id":"40","slug":"grade-10","title":"Grade 10","description":"Grade 10","ordinal":"1"},{"id":"143","level_id":"40","slug":"grade-11","title":"Grade 11","description":"Grade 11","ordinal":"2"},{"id":"144","level_id":"40","slug":"grade-12","title":"Grade 12","description":"Grade 12","ordinal":"3"},{"id":"145","level_id":"41","slug":"year-1","title":"Year 1","description":"Year 1","ordinal":"1"},{"id":"146","level_id":"41","slug":"year-2","title":"Year 2","description":"Year 2","ordinal":"2"},{"id":"147","level_id":"41","slug":"year-3","title":"Year 3","description":"Year 3","ordinal":"3"},{"id":"148","level_id":"42","slug":"pp1","title":"PP1","description":"Pre-Primary 1","ordinal":"1"},{"id":"149","level_id":"42","slug":"pp2","title":"PP2","description":"Pre-Primary 2","ordinal":"2"},{"id":"150","level_id":"42","slug":"grade-1","title":"Grade 1","description":"Grade 1","ordinal":"3"},{"id":"151","level_id":"42","slug":"grade-2","title":"Grade 2","description":"Grade 2","ordinal":"4"},{"id":"152","level_id":"42","slug":"grade-3","title":"Grade 3","description":"Grade 3","ordinal":"5"},{"id":"153","level_id":"43","slug":"grade-4","title":"Grade 4","description":"Grade 4","ordinal":"1"},{"id":"154","level_id":"43","slug":"grade-5","title":"Grade 5","description":"Grade 5","ordinal":"2"},{"id":"155","level_id":"43","slug":"grade-6","title":"Grade 6","description":"Grade 6","ordinal":"3"},{"id":"156","level_id":"44","slug":"grade-7","title":"Grade 7","description":"Grade 7","ordinal":"1"},{"id":"157","level_id":"44","slug":"grade-8","title":"Grade 8","description":"Grade 8","ordinal":"2"},{"id":"158","level_id":"44","slug":"grade-9","title":"Grade 9","description":"Grade 9","ordinal":"3"},{"id":"159","level_id":"45","slug":"form-1","title":"Form 1","description":"Form 1","ordinal":"1"},{"id":"160","level_id":"45","slug":"form-2","title":"Form 2","description":"Form 2","ordinal":"2"},{"id":"161","level_id":"45","slug":"form-3","title":"Form 3","description":"Form 3","ordinal":"3"},{"id":"162","level_id":"45","slug":"form-4","title":"Form 4","description":"Form 4","ordinal":"4"},{"id":"163","level_id":"46","slug":"grade-10","title":"Grade 10","description":"Grade 10","ordinal":"1"},{"id":"164","level_id":"46","slug":"grade-11","title":"Grade 11","description":"Grade 11","ordinal":"2"},{"id":"165","level_id":"46","slug":"grade-12","title":"Grade 12","description":"Grade 12","ordinal":"3"},{"id":"166","level_id":"47","slug":"pp1","title":"PP1","description":"Pre-Primary 1","ordinal":"1"},{"id":"167","level_id":"47","slug":"pp2","title":"PP2","description":"Pre-Primary 2","ordinal":"2"},{"id":"168","level_id":"47","slug":"grade-1","title":"Grade 1","description":"Grade 1","ordinal":"3"},{"id":"169","level_id":"47","slug":"grade-2","title":"Grade 2","description":"Grade 2","ordinal":"4"},{"id":"170","level_id":"47","slug":"grade-3","title":"Grade 3","description":"Grade 3","ordinal":"5"},{"id":"171","level_id":"48","slug":"grade-4","title":"Grade 4","description":"Grade 4","ordinal":"1"},{"id":"172","level_id":"48","slug":"grade-5","title":"Grade 5","description":"Grade 5","ordinal":"2"},{"id":"173","level_id":"48","slug":"grade-6","title":"Grade 6","description":"Grade 6","ordinal":"3"},{"id":"174","level_id":"49","slug":"grade-7","title":"Grade 7","description":"Grade 7","ordinal":"1"},{"id":"175","level_id":"49","slug":"grade-8","title":"Grade 8","description":"Grade 8","ordinal":"2"},{"id":"176","level_id":"49","slug":"grade-9","title":"Grade 9","description":"Grade 9","ordinal":"3"},{"id":"177","level_id":"50","slug":"form-1","title":"Form 1","description":"Form 1","ordinal":"1"},{"id":"178","level_id":"50","slug":"form-2","title":"Form 2","description":"Form 2","ordinal":"2"},{"id":"179","level_id":"50","slug":"form-3","title":"Form 3","description":"Form 3","ordinal":"3"},{"id":"180","level_id":"50","slug":"form-4","title":"Form 4","description":"Form 4","ordinal":"4"},{"id":"181","level_id":"51","slug":"grade-10","title":"Grade 10","description":"Grade 10","ordinal":"1"},{"id":"182","level_id":"51","slug":"grade-11","title":"Grade 11","description":"Grade 11","ordinal":"2"},{"id":"183","level_id":"51","slug":"grade-12","title":"Grade 12","description":"Grade 12","ordinal":"3"},{"id":"184","level_id":"52","slug":"pp1","title":"PP1","description":"Pre-Primary 1","ordinal":"1"},{"id":"185","level_id":"52","slug":"pp2","title":"PP2","description":"Pre-Primary 2","ordinal":"2"},{"id":"186","level_id":"52","slug":"grade-1","title":"Grade 1","description":"Grade 1","ordinal":"3"},{"id":"187","level_id":"52","slug":"grade-2","title":"Grade 2","description":"Grade 2","ordinal":"4"},{"id":"188","level_id":"52","slug":"grade-3","title":"Grade 3","description":"Grade 3","ordinal":"5"},{"id":"189","level_id":"53","slug":"grade-4","title":"Grade 4","description":"Grade 4","ordinal":"1"},{"id":"190","level_id":"53","slug":"grade-5","title":"Grade 5","description":"Grade 5","ordinal":"2"},{"id":"191","level_id":"53","slug":"grade-6","title":"Grade 6","description":"Grade 6","ordinal":"3"},{"id":"192","level_id":"54","slug":"grade-7","title":"Grade 7","description":"Grade 7","ordinal":"1"},{"id":"193","level_id":"54","slug":"grade-8","title":"Grade 8","description":"Grade 8","ordinal":"2"},{"id":"194","level_id":"54","slug":"grade-9","title":"Grade 9","description":"Grade 9","ordinal":"3"},{"id":"195","level_id":"55","slug":"form-1","title":"Form 1","description":"Form 1","ordinal":"1"},{"id":"196","level_id":"55","slug":"form-2","title":"Form 2","description":"Form 2","ordinal":"2"},{"id":"197","level_id":"55","slug":"form-3","title":"Form 3","description":"Form 3","ordinal":"3"},{"id":"198","level_id":"55","slug":"form-4","title":"Form 4","description":"Form 4","ordinal":"4"},{"id":"199","level_id":"56","slug":"grade-10","title":"Grade 10","description":"Grade 10","ordinal":"1"},{"id":"200","level_id":"56","slug":"grade-11","title":"Grade 11","description":"Grade 11","ordinal":"2"},{"id":"201","level_id":"56","slug":"grade-12","title":"Grade 12","description":"Grade 12","ordinal":"3"},{"id":"202","level_id":"57","slug":"pp1","title":"PP1","description":"Pre-Primary 1","ordinal":"1"},{"id":"203","level_id":"57","slug":"pp2","title":"PP2","description":"Pre-Primary 2","ordinal":"2"},{"id":"204","level_id":"57","slug":"grade-1","title":"Grade 1","description":"Grade 1","ordinal":"3"},{"id":"205","level_id":"57","slug":"grade-2","title":"Grade 2","description":"Grade 2","ordinal":"4"},{"id":"206","level_id":"57","slug":"grade-3","title":"Grade 3","description":"Grade 3","ordinal":"5"},{"id":"207","level_id":"58","slug":"grade-4","title":"Grade 4","description":"Grade 4","ordinal":"1"},{"id":"208","level_id":"58","slug":"grade-5","title":"Grade 5","description":"Grade 5","ordinal":"2"},{"id":"209","level_id":"58","slug":"grade-6","title":"Grade 6","description":"Grade 6","ordinal":"3"},{"id":"210","level_id":"59","slug":"grade-7","title":"Grade 7","description":"Grade 7","ordinal":"1"},{"id":"211","level_id":"59","slug":"grade-8","title":"Grade 8","description":"Grade 8","ordinal":"2"},{"id":"212","level_id":"59","slug":"grade-9","title":"Grade 9","description":"Grade 9","ordinal":"3"},{"id":"213","level_id":"60","slug":"form-1","title":"Form 1","description":"Form 1","ordinal":"1"},{"id":"214","level_id":"60","slug":"form-2","title":"Form 2","description":"Form 2","ordinal":"2"},{"id":"215","level_id":"60","slug":"form-3","title":"Form 3","description":"Form 3","ordinal":"3"},{"id":"216","level_id":"60","slug":"form-4","title":"Form 4","description":"Form 4","ordinal":"4"},{"id":"217","level_id":"61","slug":"grade-10","title":"Grade 10","description":"Grade 10","ordinal":"1"},{"id":"218","level_id":"61","slug":"grade-11","title":"Grade 11","description":"Grade 11","ordinal":"2"},{"id":"219","level_id":"61","slug":"grade-12","title":"Grade 12","description":"Grade 12","ordinal":"3"},{"id":"220","level_id":"62","slug":"pp1","title":"PP1","description":"Pre-Primary 1","ordinal":"1"},{"id":"221","level_id":"62","slug":"pp2","title":"PP2","description":"Pre-Primary 2","ordinal":"2"},{"id":"222","level_id":"62","slug":"grade-1","title":"Grade 1","description":"Grade 1","ordinal":"3"},{"id":"223","level_id":"62","slug":"grade-2","title":"Grade 2","description":"Grade 2","ordinal":"4"},{"id":"224","level_id":"62","slug":"grade-3","title":"Grade 3","description":"Grade 3","ordinal":"5"},{"id":"225","level_id":"63","slug":"grade-4","title":"Grade 4","description":"Grade 4","ordinal":"1"},{"id":"226","level_id":"63","slug":"grade-5","title":"Grade 5","description":"Grade 5","ordinal":"2"},{"id":"227","level_id":"63","slug":"grade-6","title":"Grade 6","description":"Grade 6","ordinal":"3"},{"id":"228","level_id":"64","slug":"grade-7","title":"Grade 7","description":"Grade 7","ordinal":"1"},{"id":"229","level_id":"64","slug":"grade-8","title":"Grade 8","description":"Grade 8","ordinal":"2"},{"id":"230","level_id":"64","slug":"grade-9","title":"Grade 9","description":"Grade 9","ordinal":"3"},{"id":"231","level_id":"65","slug":"form-1","title":"Form 1","description":"Form 1","ordinal":"1"},{"id":"232","level_id":"65","slug":"form-2","title":"Form 2","description":"Form 2","ordinal":"2"},{"id":"233","level_id":"65","slug":"form-3","title":"Form 3","description":"Form 3","ordinal":"3"},{"id":"234","level_id":"65","slug":"form-4","title":"Form 4","description":"Form 4","ordinal":"4"},{"id":"235","level_id":"66","slug":"grade-10","title":"Grade 10","description":"Grade 10","ordinal":"1"},{"id":"236","level_id":"66","slug":"grade-11","title":"Grade 11","description":"Grade 11","ordinal":"2"},{"id":"237","level_id":"66","slug":"grade-12","title":"Grade 12","description":"Grade 12","ordinal":"3"},{"id":"238","level_id":"67","slug":"year-1","title":"Year 1","description":"Year 1","ordinal":"1"},{"id":"239","level_id":"67","slug":"year-2","title":"Year 2","description":"Year 2","ordinal":"2"},{"id":"240","level_id":"67","slug":"year-3","title":"Year 3","description":"Year 3","ordinal":"3"}]