[{"date":"2025-06-02","document_id":"2","downloads":"8","views":"24"},{"date":"2025-06-02","document_id":"3","downloads":"14","views":"70"},{"date":"2025-06-02","document_id":"4","downloads":"10","views":"50"},{"date":"2025-06-02","document_id":"5","downloads":"10","views":"80"},{"date":"2025-06-02","document_id":"6","downloads":"8","views":"48"},{"date":"2025-06-02","document_id":"7","downloads":"7","views":"49"},{"date":"2025-06-02","document_id":"8","downloads":"8","views":"48"},{"date":"2025-06-02","document_id":"9","downloads":"10","views":"80"},{"date":"2025-06-02","document_id":"10","downloads":"5","views":"15"},{"date":"2025-06-03","document_id":"1","downloads":"7","views":"56"},{"date":"2025-06-03","document_id":"2","downloads":"15","views":"105"},{"date":"2025-06-03","document_id":"3","downloads":"15","views":"75"},{"date":"2025-06-03","document_id":"4","downloads":"8","views":"56"},{"date":"2025-06-03","document_id":"5","downloads":"3","views":"12"},{"date":"2025-06-03","document_id":"6","downloads":"2","views":"10"},{"date":"2025-06-03","document_id":"7","downloads":"3","views":"24"},{"date":"2025-06-03","document_id":"8","downloads":"5","views":"15"},{"date":"2025-06-03","document_id":"9","downloads":"12","views":"72"},{"date":"2025-06-03","document_id":"10","downloads":"8","views":"24"},{"date":"2025-06-04","document_id":"1","downloads":"9","views":"63"},{"date":"2025-06-04","document_id":"2","downloads":"8","views":"64"},{"date":"2025-06-04","document_id":"3","downloads":"4","views":"12"},{"date":"2025-06-04","document_id":"4","downloads":"4","views":"24"},{"date":"2025-06-04","document_id":"5","downloads":"8","views":"56"},{"date":"2025-06-04","document_id":"6","downloads":"3","views":"18"},{"date":"2025-06-04","document_id":"7","downloads":"7","views":"35"},{"date":"2025-06-04","document_id":"8","downloads":"7","views":"21"},{"date":"2025-06-04","document_id":"9","downloads":"7","views":"35"},{"date":"2025-06-04","document_id":"10","downloads":"9","views":"36"},{"date":"2025-06-05","document_id":"1","downloads":"10","views":"40"},{"date":"2025-06-05","document_id":"2","downloads":"5","views":"20"},{"date":"2025-06-05","document_id":"3","downloads":"9","views":"72"},{"date":"2025-06-05","document_id":"4","downloads":"15","views":"60"},{"date":"2025-06-05","document_id":"5","downloads":"10","views":"30"},{"date":"2025-06-05","document_id":"6","downloads":"11","views":"44"},{"date":"2025-06-05","document_id":"7","downloads":"14","views":"70"},{"date":"2025-06-05","document_id":"8","downloads":"1","views":"5"},{"date":"2025-06-05","document_id":"9","downloads":"5","views":"25"},{"date":"2025-06-05","document_id":"10","downloads":"4","views":"12"},{"date":"2025-06-06","document_id":"1","downloads":"9","views":"54"},{"date":"2025-06-06","document_id":"2","downloads":"5","views":"20"},{"date":"2025-06-06","document_id":"3","downloads":"10","views":"60"},{"date":"2025-06-06","document_id":"4","downloads":"9","views":"45"},{"date":"2025-06-06","document_id":"5","downloads":"10","views":"80"},{"date":"2025-06-06","document_id":"6","downloads":"7","views":"56"},{"date":"2025-06-06","document_id":"7","downloads":"7","views":"28"},{"date":"2025-06-06","document_id":"8","downloads":"6","views":"42"},{"date":"2025-06-06","document_id":"9","downloads":"3","views":"15"},{"date":"2025-06-06","document_id":"10","downloads":"1","views":"3"},{"date":"2025-06-07","document_id":"1","downloads":"1","views":"4"},{"date":"2025-06-07","document_id":"2","downloads":"9","views":"36"},{"date":"2025-06-07","document_id":"3","downloads":"4","views":"16"},{"date":"2025-06-07","document_id":"4","downloads":"7","views":"49"},{"date":"2025-06-07","document_id":"5","downloads":"1","views":"6"},{"date":"2025-06-07","document_id":"6","downloads":"9","views":"36"},{"date":"2025-06-07","document_id":"7","downloads":"8","views":"32"},{"date":"2025-06-07","document_id":"8","downloads":"1","views":"7"},{"date":"2025-06-07","document_id":"9","downloads":"8","views":"40"},{"date":"2025-06-07","document_id":"10","downloads":"1","views":"7"},{"date":"2025-06-08","document_id":"1","downloads":"4","views":"20"},{"date":"2025-06-08","document_id":"2","downloads":"7","views":"28"},{"date":"2025-06-08","document_id":"3","downloads":"3","views":"15"},{"date":"2025-06-08","document_id":"4","downloads":"8","views":"56"},{"date":"2025-06-08","document_id":"5","downloads":"4","views":"20"},{"date":"2025-06-08","document_id":"6","downloads":"3","views":"21"},{"date":"2025-06-08","document_id":"7","downloads":"2","views":"8"},{"date":"2025-06-08","document_id":"8","downloads":"4","views":"20"},{"date":"2025-06-08","document_id":"9","downloads":"3","views":"9"},{"date":"2025-06-08","document_id":"10","downloads":"7","views":"21"},{"date":"2025-06-09","document_id":"1","downloads":"10","views":"60"},{"date":"2025-06-09","document_id":"2","downloads":"3","views":"9"},{"date":"2025-06-09","document_id":"3","downloads":"5","views":"20"},{"date":"2025-06-09","document_id":"4","downloads":"15","views":"45"},{"date":"2025-06-09","document_id":"5","downloads":"14","views":"56"},{"date":"2025-06-09","document_id":"6","downloads":"5","views":"40"},{"date":"2025-06-09","document_id":"7","downloads":"14","views":"70"},{"date":"2025-06-09","document_id":"8","downloads":"2","views":"16"},{"date":"2025-06-09","document_id":"9","downloads":"13","views":"91"},{"date":"2025-06-09","document_id":"10","downloads":"11","views":"55"},{"date":"2025-06-10","document_id":"1","downloads":"14","views":"56"},{"date":"2025-06-10","document_id":"2","downloads":"3","views":"9"},{"date":"2025-06-10","document_id":"3","downloads":"13","views":"52"},{"date":"2025-06-10","document_id":"4","downloads":"12","views":"84"},{"date":"2025-06-10","document_id":"5","downloads":"14","views":"98"},{"date":"2025-06-10","document_id":"6","downloads":"15","views":"105"},{"date":"2025-06-10","document_id":"7","downloads":"13","views":"91"},{"date":"2025-06-10","document_id":"8","downloads":"0","views":"0"},{"date":"2025-06-10","document_id":"9","downloads":"6","views":"48"},{"date":"2025-06-10","document_id":"10","downloads":"14","views":"42"},{"date":"2025-06-11","document_id":"1","downloads":"15","views":"45"},{"date":"2025-06-11","document_id":"2","downloads":"7","views":"49"},{"date":"2025-06-11","document_id":"3","downloads":"10","views":"30"},{"date":"2025-06-11","document_id":"4","downloads":"15","views":"90"},{"date":"2025-06-11","document_id":"5","downloads":"3","views":"9"},{"date":"2025-06-11","document_id":"6","downloads":"12","views":"36"},{"date":"2025-06-11","document_id":"7","downloads":"5","views":"35"},{"date":"2025-06-11","document_id":"8","downloads":"14","views":"56"},{"date":"2025-06-11","document_id":"9","downloads":"3","views":"18"},{"date":"2025-06-12","document_id":"1","downloads":"10","views":"60"},{"date":"2025-06-12","document_id":"2","downloads":"6","views":"48"},{"date":"2025-06-12","document_id":"3","downloads":"0","views":"0"},{"date":"2025-06-12","document_id":"4","downloads":"12","views":"84"},{"date":"2025-06-12","document_id":"5","downloads":"11","views":"66"},{"date":"2025-06-12","document_id":"6","downloads":"11","views":"77"},{"date":"2025-06-12","document_id":"7","downloads":"8","views":"64"},{"date":"2025-06-12","document_id":"8","downloads":"15","views":"60"},{"date":"2025-06-12","document_id":"9","downloads":"9","views":"63"},{"date":"2025-06-12","document_id":"10","downloads":"6","views":"48"},{"date":"2025-06-13","document_id":"1","downloads":"6","views":"42"},{"date":"2025-06-13","document_id":"2","downloads":"11","views":"33"},{"date":"2025-06-13","document_id":"3","downloads":"4","views":"12"},{"date":"2025-06-13","document_id":"4","downloads":"9","views":"72"},{"date":"2025-06-13","document_id":"5","downloads":"8","views":"64"},{"date":"2025-06-13","document_id":"6","downloads":"2","views":"6"},{"date":"2025-06-13","document_id":"7","downloads":"2","views":"12"},{"date":"2025-06-13","document_id":"8","downloads":"3","views":"12"},{"date":"2025-06-13","document_id":"9","downloads":"12","views":"96"},{"date":"2025-06-13","document_id":"10","downloads":"15","views":"120"},{"date":"2025-06-14","document_id":"1","downloads":"6","views":"18"},{"date":"2025-06-14","document_id":"2","downloads":"7","views":"21"},{"date":"2025-06-14","document_id":"3","downloads":"2","views":"12"},{"date":"2025-06-14","document_id":"4","downloads":"6","views":"36"},{"date":"2025-06-14","document_id":"5","downloads":"7","views":"56"},{"date":"2025-06-14","document_id":"6","downloads":"7","views":"56"},{"date":"2025-06-14","document_id":"7","downloads":"0","views":"0"},{"date":"2025-06-14","document_id":"8","downloads":"4","views":"24"},{"date":"2025-06-14","document_id":"9","downloads":"8","views":"24"},{"date":"2025-06-14","document_id":"10","downloads":"1","views":"7"},{"date":"2025-06-15","document_id":"1","downloads":"8","views":"56"},{"date":"2025-06-15","document_id":"2","downloads":"1","views":"4"},{"date":"2025-06-15","document_id":"3","downloads":"2","views":"8"},{"date":"2025-06-15","document_id":"4","downloads":"1","views":"7"},{"date":"2025-06-15","document_id":"5","downloads":"1","views":"7"},{"date":"2025-06-15","document_id":"6","downloads":"6","views":"36"},{"date":"2025-06-15","document_id":"7","downloads":"9","views":"72"},{"date":"2025-06-15","document_id":"8","downloads":"3","views":"15"},{"date":"2025-06-15","document_id":"9","downloads":"6","views":"48"},{"date":"2025-06-15","document_id":"10","downloads":"8","views":"64"},{"date":"2025-06-16","document_id":"1","downloads":"14","views":"112"},{"date":"2025-06-16","document_id":"2","downloads":"14","views":"84"},{"date":"2025-06-16","document_id":"3","downloads":"2","views":"16"},{"date":"2025-06-16","document_id":"4","downloads":"10","views":"80"},{"date":"2025-06-16","document_id":"7","downloads":"9","views":"63"},{"date":"2025-06-16","document_id":"8","downloads":"14","views":"98"},{"date":"2025-06-16","document_id":"9","downloads":"5","views":"15"},{"date":"2025-06-16","document_id":"10","downloads":"12","views":"36"},{"date":"2025-06-17","document_id":"1","downloads":"12","views":"48"},{"date":"2025-06-17","document_id":"2","downloads":"3","views":"15"},{"date":"2025-06-17","document_id":"3","downloads":"1","views":"5"},{"date":"2025-06-17","document_id":"4","downloads":"2","views":"6"},{"date":"2025-06-17","document_id":"5","downloads":"12","views":"36"},{"date":"2025-06-17","document_id":"6","downloads":"7","views":"21"},{"date":"2025-06-17","document_id":"7","downloads":"15","views":"90"},{"date":"2025-06-17","document_id":"8","downloads":"13","views":"91"},{"date":"2025-06-17","document_id":"9","downloads":"15","views":"120"},{"date":"2025-06-17","document_id":"10","downloads":"8","views":"40"},{"date":"2025-06-18","document_id":"1","downloads":"2","views":"10"},{"date":"2025-06-18","document_id":"2","downloads":"14","views":"70"},{"date":"2025-06-18","document_id":"3","downloads":"15","views":"105"},{"date":"2025-06-18","document_id":"4","downloads":"6","views":"24"},{"date":"2025-06-18","document_id":"5","downloads":"8","views":"24"},{"date":"2025-06-18","document_id":"6","downloads":"8","views":"40"},{"date":"2025-06-18","document_id":"7","downloads":"7","views":"42"},{"date":"2025-06-18","document_id":"8","downloads":"8","views":"48"},{"date":"2025-06-18","document_id":"9","downloads":"3","views":"15"},{"date":"2025-06-18","document_id":"10","downloads":"5","views":"25"},{"date":"2025-06-19","document_id":"1","downloads":"9","views":"72"},{"date":"2025-06-19","document_id":"2","downloads":"1","views":"6"},{"date":"2025-06-19","document_id":"3","downloads":"10","views":"60"},{"date":"2025-06-19","document_id":"4","downloads":"4","views":"32"},{"date":"2025-06-19","document_id":"5","downloads":"0","views":"0"},{"date":"2025-06-19","document_id":"6","downloads":"3","views":"12"},{"date":"2025-06-19","document_id":"7","downloads":"2","views":"12"},{"date":"2025-06-19","document_id":"8","downloads":"1","views":"5"},{"date":"2025-06-19","document_id":"10","downloads":"9","views":"63"},{"date":"2025-06-20","document_id":"1","downloads":"12","views":"60"},{"date":"2025-06-20","document_id":"2","downloads":"2","views":"14"},{"date":"2025-06-20","document_id":"3","downloads":"15","views":"90"},{"date":"2025-06-20","document_id":"4","downloads":"4","views":"16"},{"date":"2025-06-20","document_id":"5","downloads":"10","views":"60"},{"date":"2025-06-20","document_id":"6","downloads":"9","views":"45"},{"date":"2025-06-20","document_id":"7","downloads":"13","views":"78"},{"date":"2025-06-20","document_id":"8","downloads":"10","views":"50"},{"date":"2025-06-20","document_id":"9","downloads":"4","views":"16"},{"date":"2025-06-20","document_id":"10","downloads":"1","views":"5"},{"date":"2025-06-21","document_id":"1","downloads":"8","views":"40"},{"date":"2025-06-21","document_id":"2","downloads":"9","views":"27"},{"date":"2025-06-21","document_id":"3","downloads":"4","views":"32"},{"date":"2025-06-21","document_id":"4","downloads":"7","views":"28"},{"date":"2025-06-21","document_id":"5","downloads":"5","views":"30"},{"date":"2025-06-21","document_id":"6","downloads":"9","views":"54"},{"date":"2025-06-21","document_id":"8","downloads":"9","views":"63"},{"date":"2025-06-21","document_id":"9","downloads":"2","views":"8"},{"date":"2025-06-21","document_id":"10","downloads":"7","views":"35"},{"date":"2025-06-22","document_id":"1","downloads":"4","views":"20"},{"date":"2025-06-22","document_id":"2","downloads":"1","views":"3"},{"date":"2025-06-22","document_id":"3","downloads":"1","views":"3"},{"date":"2025-06-22","document_id":"4","downloads":"6","views":"18"},{"date":"2025-06-22","document_id":"5","downloads":"7","views":"49"},{"date":"2025-06-22","document_id":"6","downloads":"7","views":"35"},{"date":"2025-06-22","document_id":"7","downloads":"5","views":"15"},{"date":"2025-06-22","document_id":"8","downloads":"2","views":"6"},{"date":"2025-06-22","document_id":"9","downloads":"4","views":"20"},{"date":"2025-06-22","document_id":"10","downloads":"5","views":"35"},{"date":"2025-06-23","document_id":"1","downloads":"7","views":"35"},{"date":"2025-06-23","document_id":"2","downloads":"1","views":"4"},{"date":"2025-06-23","document_id":"3","downloads":"1","views":"8"},{"date":"2025-06-23","document_id":"4","downloads":"6","views":"42"},{"date":"2025-06-23","document_id":"5","downloads":"10","views":"30"},{"date":"2025-06-23","document_id":"6","downloads":"12","views":"72"},{"date":"2025-06-23","document_id":"7","downloads":"9","views":"36"},{"date":"2025-06-23","document_id":"8","downloads":"6","views":"42"},{"date":"2025-06-23","document_id":"9","downloads":"15","views":"90"},{"date":"2025-06-23","document_id":"10","downloads":"13","views":"65"},{"date":"2025-06-24","document_id":"1","downloads":"14","views":"56"},{"date":"2025-06-24","document_id":"2","downloads":"13","views":"52"},{"date":"2025-06-24","document_id":"3","downloads":"11","views":"77"},{"date":"2025-06-24","document_id":"4","downloads":"10","views":"40"},{"date":"2025-06-24","document_id":"5","downloads":"3","views":"12"},{"date":"2025-06-24","document_id":"6","downloads":"12","views":"72"},{"date":"2025-06-24","document_id":"7","downloads":"5","views":"20"},{"date":"2025-06-24","document_id":"8","downloads":"9","views":"54"},{"date":"2025-06-25","document_id":"1","downloads":"11","views":"88"},{"date":"2025-06-25","document_id":"2","downloads":"12","views":"36"},{"date":"2025-06-25","document_id":"3","downloads":"15","views":"45"},{"date":"2025-06-25","document_id":"4","downloads":"4","views":"20"},{"date":"2025-06-25","document_id":"5","downloads":"7","views":"56"},{"date":"2025-06-25","document_id":"6","downloads":"9","views":"45"},{"date":"2025-06-25","document_id":"7","downloads":"1","views":"3"},{"date":"2025-06-25","document_id":"8","downloads":"4","views":"24"},{"date":"2025-06-25","document_id":"9","downloads":"12","views":"72"},{"date":"2025-06-25","document_id":"10","downloads":"4","views":"12"},{"date":"2025-06-26","document_id":"1","downloads":"12","views":"72"},{"date":"2025-06-26","document_id":"2","downloads":"14","views":"98"},{"date":"2025-06-26","document_id":"3","downloads":"5","views":"20"},{"date":"2025-06-26","document_id":"4","downloads":"10","views":"50"},{"date":"2025-06-26","document_id":"5","downloads":"12","views":"36"},{"date":"2025-06-26","document_id":"6","downloads":"11","views":"77"},{"date":"2025-06-26","document_id":"7","downloads":"6","views":"42"},{"date":"2025-06-26","document_id":"8","downloads":"14","views":"84"},{"date":"2025-06-26","document_id":"9","downloads":"14","views":"70"},{"date":"2025-06-26","document_id":"10","downloads":"3","views":"15"},{"date":"2025-06-27","document_id":"1","downloads":"3","views":"21"},{"date":"2025-06-27","document_id":"2","downloads":"10","views":"80"},{"date":"2025-06-27","document_id":"3","downloads":"1","views":"8"},{"date":"2025-06-27","document_id":"4","downloads":"5","views":"15"},{"date":"2025-06-27","document_id":"5","downloads":"7","views":"42"},{"date":"2025-06-27","document_id":"6","downloads":"11","views":"44"},{"date":"2025-06-27","document_id":"7","downloads":"5","views":"40"},{"date":"2025-06-27","document_id":"8","downloads":"9","views":"45"},{"date":"2025-06-27","document_id":"9","downloads":"3","views":"12"},{"date":"2025-06-27","document_id":"10","downloads":"14","views":"98"},{"date":"2025-06-28","document_id":"1","downloads":"1","views":"4"},{"date":"2025-06-28","document_id":"2","downloads":"6","views":"18"},{"date":"2025-06-28","document_id":"3","downloads":"2","views":"14"},{"date":"2025-06-28","document_id":"4","downloads":"8","views":"32"},{"date":"2025-06-28","document_id":"5","downloads":"3","views":"15"},{"date":"2025-06-28","document_id":"6","downloads":"7","views":"28"},{"date":"2025-06-28","document_id":"7","downloads":"5","views":"35"},{"date":"2025-06-28","document_id":"8","downloads":"8","views":"56"},{"date":"2025-06-28","document_id":"9","downloads":"4","views":"32"},{"date":"2025-06-28","document_id":"10","downloads":"2","views":"12"},{"date":"2025-06-29","document_id":"1","downloads":"7","views":"21"},{"date":"2025-06-29","document_id":"2","downloads":"5","views":"35"},{"date":"2025-06-29","document_id":"3","downloads":"7","views":"49"},{"date":"2025-06-29","document_id":"4","downloads":"9","views":"36"},{"date":"2025-06-29","document_id":"5","downloads":"2","views":"14"},{"date":"2025-06-29","document_id":"6","downloads":"2","views":"6"},{"date":"2025-06-29","document_id":"7","downloads":"3","views":"21"},{"date":"2025-06-29","document_id":"8","downloads":"4","views":"24"},{"date":"2025-06-29","document_id":"9","downloads":"8","views":"56"},{"date":"2025-06-29","document_id":"10","downloads":"6","views":"18"},{"date":"2025-06-30","document_id":"1","downloads":"3","views":"9"},{"date":"2025-06-30","document_id":"2","downloads":"14","views":"98"},{"date":"2025-06-30","document_id":"3","downloads":"8","views":"40"},{"date":"2025-06-30","document_id":"4","downloads":"12","views":"60"},{"date":"2025-06-30","document_id":"5","downloads":"3","views":"12"},{"date":"2025-06-30","document_id":"6","downloads":"11","views":"77"},{"date":"2025-06-30","document_id":"7","downloads":"15","views":"105"},{"date":"2025-06-30","document_id":"8","downloads":"7","views":"35"},{"date":"2025-06-30","document_id":"9","downloads":"3","views":"24"},{"date":"2025-06-30","document_id":"10","downloads":"9","views":"36"},{"date":"2025-07-01","document_id":"1","downloads":"12","views":"84"},{"date":"2025-07-01","document_id":"2","downloads":"1","views":"7"},{"date":"2025-07-01","document_id":"3","downloads":"9","views":"63"},{"date":"2025-07-01","document_id":"4","downloads":"6","views":"18"},{"date":"2025-07-01","document_id":"5","downloads":"12","views":"36"},{"date":"2025-07-01","document_id":"6","downloads":"15","views":"105"},{"date":"2025-07-01","document_id":"7","downloads":"3","views":"18"},{"date":"2025-07-01","document_id":"9","downloads":"3","views":"21"},{"date":"2025-07-02","document_id":"1","downloads":"12","views":"72"},{"date":"2025-07-02","document_id":"2","downloads":"4","views":"16"},{"date":"2025-07-02","document_id":"3","downloads":"5","views":"35"},{"date":"2025-07-02","document_id":"4","downloads":"6","views":"36"},{"date":"2025-07-02","document_id":"5","downloads":"12","views":"84"},{"date":"2025-07-02","document_id":"6","downloads":"7","views":"35"},{"date":"2025-07-02","document_id":"7","downloads":"1","views":"5"},{"date":"2025-07-02","document_id":"8","downloads":"4","views":"24"},{"date":"2025-07-02","document_id":"9","downloads":"11","views":"77"},{"date":"2025-07-02","document_id":"9","downloads":"11","views":"77"},{"date":"2025-07-02","document_id":"9","downloads":"11","views":"77"},{"date":"2025-07-02","document_id":"9","downloads":"11","views":"77"},{"date":"2025-07-02","document_id":"9","downloads":"11","views":"77"},{"date":"2025-07-02","document_id":"9","downloads":"11","views":"77"},{"date":"2025-07-02","document_id":"9","downloads":"11","views":"77"},{"date":"2025-07-02","document_id":"9","downloads":"11","views":"77"},{"date":"2025-07-02","document_id":"9","downloads":"11","views":"77"},{"date":"2025-07-02","document_id":"9","downloads":"11","views":"77"},{"date":"2025-07-02","document_id":"9","downloads":"11","views":"77"},{"date":"2025-07-02","document_id":"9","downloads":"11","views":"77"},{"date":"2025-07-12","document_id":"94","downloads":"1","views":"1"}]