[{"id":"1","grade_id":"1","slug":"term-1","title":"Term 1","description":"First Term","ordinal":"1"},{"id":"2","grade_id":"1","slug":"term-2","title":"Term 2","description":"Second Term","ordinal":"2"},{"id":"3","grade_id":"1","slug":"term-3","title":"Term 3","description":"Third Term","ordinal":"3"},{"id":"4","grade_id":"2","slug":"term-1","title":"Term 1","description":"First Term","ordinal":"1"},{"id":"5","grade_id":"2","slug":"term-2","title":"Term 2","description":"Second Term","ordinal":"2"},{"id":"6","grade_id":"2","slug":"term-3","title":"Term 3","description":"Third Term","ordinal":"3"},{"id":"7","grade_id":"3","slug":"term-1","title":"Term 1","description":"First Term","ordinal":"1"},{"id":"8","grade_id":"3","slug":"term-2","title":"Term 2","description":"Second Term","ordinal":"2"},{"id":"9","grade_id":"3","slug":"term-3","title":"Term 3","description":"Third Term","ordinal":"3"},{"id":"10","grade_id":"4","slug":"term-1","title":"Term 1","description":"First Term","ordinal":"1"},{"id":"11","grade_id":"4","slug":"term-2","title":"Term 2","description":"Second Term","ordinal":"2"},{"id":"12","grade_id":"4","slug":"term-3","title":"Term 3","description":"Third Term","ordinal":"3"},{"id":"13","grade_id":"5","slug":"term-1","title":"Term 1","description":"First Term","ordinal":"1"},{"id":"14","grade_id":"5","slug":"term-2","title":"Term 2","description":"Second Term","ordinal":"2"},{"id":"15","grade_id":"5","slug":"term-3","title":"Term 3","description":"Third Term","ordinal":"3"},{"id":"16","grade_id":"6","slug":"term-1","title":"Term 1","description":"First Term","ordinal":"1"},{"id":"17","grade_id":"6","slug":"term-2","title":"Term 2","description":"Second Term","ordinal":"2"},{"id":"18","grade_id":"6","slug":"term-3","title":"Term 3","description":"Third Term","ordinal":"3"},{"id":"19","grade_id":"7","slug":"term-1","title":"Term 1","description":"First Term","ordinal":"1"},{"id":"20","grade_id":"7","slug":"term-2","title":"Term 2","description":"Second Term","ordinal":"2"},{"id":"21","grade_id":"7","slug":"term-3","title":"Term 3","description":"Third Term","ordinal":"3"},{"id":"22","grade_id":"8","slug":"term-1","title":"Term 1","description":"First Term","ordinal":"1"},{"id":"23","grade_id":"8","slug":"term-2","title":"Term 2","description":"Second Term","ordinal":"2"},{"id":"24","grade_id":"8","slug":"term-3","title":"Term 3","description":"Third Term","ordinal":"3"},{"id":"25","grade_id":"9","slug":"term-1","title":"Term 1","description":"First Term","ordinal":"1"},{"id":"26","grade_id":"9","slug":"term-2","title":"Term 2","description":"Second Term","ordinal":"2"},{"id":"27","grade_id":"9","slug":"term-3","title":"Term 3","description":"Third Term","ordinal":"3"},{"id":"28","grade_id":"10","slug":"term-1","title":"Term 1","description":"First Term","ordinal":"1"},{"id":"29","grade_id":"10","slug":"term-2","title":"Term 2","description":"Second Term","ordinal":"2"},{"id":"30","grade_id":"10","slug":"term-3","title":"Term 3","description":"Third Term","ordinal":"3"},{"id":"31","grade_id":"11","slug":"term-1","title":"Term 1","description":"First Term","ordinal":"1"},{"id":"32","grade_id":"11","slug":"term-2","title":"Term 2","description":"Second Term","ordinal":"2"},{"id":"33","grade_id":"11","slug":"term-3","title":"Term 3","description":"Third Term","ordinal":"3"},{"id":"34","grade_id":"12","slug":"term-1","title":"Term 1","description":"First Term","ordinal":"1"},{"id":"35","grade_id":"12","slug":"term-2","title":"Term 2","description":"Second Term","ordinal":"2"},{"id":"36","grade_id":"12","slug":"term-3","title":"Term 3","description":"Third Term","ordinal":"3"},{"id":"37","grade_id":"13","slug":"term-1","title":"Term 1","description":"First Term","ordinal":"1"},{"id":"38","grade_id":"13","slug":"term-2","title":"Term 2","description":"Second Term","ordinal":"2"},{"id":"39","grade_id":"13","slug":"term-3","title":"Term 3","description":"Third Term","ordinal":"3"},{"id":"40","grade_id":"14","slug":"term-1","title":"Term 1","description":"First Term","ordinal":"1"},{"id":"41","grade_id":"14","slug":"term-2","title":"Term 2","description":"Second Term","ordinal":"2"},{"id":"42","grade_id":"14","slug":"term-3","title":"Term 3","description":"Third Term","ordinal":"3"},{"id":"43","grade_id":"15","slug":"term-1","title":"Term 1","description":"First Term","ordinal":"1"},{"id":"44","grade_id":"15","slug":"term-2","title":"Term 2","description":"Second Term","ordinal":"2"},{"id":"45","grade_id":"15","slug":"term-3","title":"Term 3","description":"Third Term","ordinal":"3"},{"id":"46","grade_id":"16","slug":"term-1","title":"Term 1","description":"First Term","ordinal":"1"},{"id":"47","grade_id":"16","slug":"term-2","title":"Term 2","description":"Second Term","ordinal":"2"},{"id":"48","grade_id":"16","slug":"term-3","title":"Term 3","description":"Third Term","ordinal":"3"},{"id":"49","grade_id":"17","slug":"term-1","title":"Term 1","description":"First Term","ordinal":"1"},{"id":"50","grade_id":"17","slug":"term-2","title":"Term 2","description":"Second Term","ordinal":"2"},{"id":"51","grade_id":"17","slug":"term-3","title":"Term 3","description":"Third Term","ordinal":"3"},{"id":"52","grade_id":"18","slug":"term-1","title":"Term 1","description":"First Term","ordinal":"1"},{"id":"53","grade_id":"18","slug":"term-2","title":"Term 2","description":"Second Term","ordinal":"2"},{"id":"54","grade_id":"18","slug":"term-3","title":"Term 3","description":"Third Term","ordinal":"3"},{"id":"55","grade_id":"19","slug":"term-1","title":"Term 1","description":"First Term","ordinal":"1"},{"id":"56","grade_id":"19","slug":"term-2","title":"Term 2","description":"Second Term","ordinal":"2"},{"id":"57","grade_id":"19","slug":"term-3","title":"Term 3","description":"Third Term","ordinal":"3"},{"id":"58","grade_id":"20","slug":"term-1","title":"Term 1","description":"First Term","ordinal":"1"},{"id":"59","grade_id":"20","slug":"term-2","title":"Term 2","description":"Second Term","ordinal":"2"},{"id":"60","grade_id":"20","slug":"term-3","title":"Term 3","description":"Third Term","ordinal":"3"},{"id":"61","grade_id":"21","slug":"term-1","title":"Term 1","description":"First Term","ordinal":"1"},{"id":"62","grade_id":"21","slug":"term-2","title":"Term 2","description":"Second Term","ordinal":"2"},{"id":"63","grade_id":"21","slug":"term-3","title":"Term 3","description":"Third Term","ordinal":"3"},{"id":"64","grade_id":"22","slug":"term-1","title":"Term 1","description":"First Term","ordinal":"1"},{"id":"65","grade_id":"22","slug":"term-2","title":"Term 2","description":"Second Term","ordinal":"2"},{"id":"66","grade_id":"22","slug":"term-3","title":"Term 3","description":"Third Term","ordinal":"3"},{"id":"67","grade_id":"23","slug":"term-1","title":"Term 1","description":"First Term","ordinal":"1"},{"id":"68","grade_id":"23","slug":"term-2","title":"Term 2","description":"Second Term","ordinal":"2"},{"id":"69","grade_id":"23","slug":"term-3","title":"Term 3","description":"Third Term","ordinal":"3"},{"id":"70","grade_id":"24","slug":"term-1","title":"Term 1","description":"First Term","ordinal":"1"},{"id":"71","grade_id":"24","slug":"term-2","title":"Term 2","description":"Second Term","ordinal":"2"},{"id":"72","grade_id":"24","slug":"term-3","title":"Term 3","description":"Third Term","ordinal":"3"},{"id":"73","grade_id":"25","slug":"term-1","title":"Term 1","description":"First Term","ordinal":"1"},{"id":"74","grade_id":"25","slug":"term-2","title":"Term 2","description":"Second Term","ordinal":"2"},{"id":"75","grade_id":"25","slug":"term-3","title":"Term 3","description":"Third Term","ordinal":"3"},{"id":"76","grade_id":"26","slug":"term-1","title":"Term 1","description":"First Term","ordinal":"1"},{"id":"77","grade_id":"26","slug":"term-2","title":"Term 2","description":"Second Term","ordinal":"2"},{"id":"78","grade_id":"26","slug":"term-3","title":"Term 3","description":"Third Term","ordinal":"3"},{"id":"79","grade_id":"27","slug":"term-1","title":"Term 1","description":"First Term","ordinal":"1"},{"id":"80","grade_id":"27","slug":"term-2","title":"Term 2","description":"Second Term","ordinal":"2"},{"id":"81","grade_id":"27","slug":"term-3","title":"Term 3","description":"Third Term","ordinal":"3"},{"id":"82","grade_id":"28","slug":"term-1","title":"Term 1","description":"First Term","ordinal":"1"},{"id":"83","grade_id":"28","slug":"term-2","title":"Term 2","description":"Second Term","ordinal":"2"},{"id":"84","grade_id":"28","slug":"term-3","title":"Term 3","description":"Third Term","ordinal":"3"},{"id":"85","grade_id":"29","slug":"term-1","title":"Term 1","description":"First Term","ordinal":"1"},{"id":"86","grade_id":"29","slug":"term-2","title":"Term 2","description":"Second Term","ordinal":"2"},{"id":"87","grade_id":"29","slug":"term-3","title":"Term 3","description":"Third Term","ordinal":"3"},{"id":"88","grade_id":"30","slug":"term-1","title":"Term 1","description":"First Term","ordinal":"1"},{"id":"89","grade_id":"30","slug":"term-2","title":"Term 2","description":"Second Term","ordinal":"2"},{"id":"90","grade_id":"30","slug":"term-3","title":"Term 3","description":"Third Term","ordinal":"3"},{"id":"91","grade_id":"31","slug":"term-1","title":"Term 1","description":"First Term","ordinal":"1"},{"id":"92","grade_id":"31","slug":"term-2","title":"Term 2","description":"Second Term","ordinal":"2"},{"id":"93","grade_id":"31","slug":"term-3","title":"Term 3","description":"Third Term","ordinal":"3"},{"id":"94","grade_id":"32","slug":"term-1","title":"Term 1","description":"First Term","ordinal":"1"},{"id":"95","grade_id":"32","slug":"term-2","title":"Term 2","description":"Second Term","ordinal":"2"},{"id":"96","grade_id":"32","slug":"term-3","title":"Term 3","description":"Third Term","ordinal":"3"},{"id":"97","grade_id":"33","slug":"term-1","title":"Term 1","description":"First Term","ordinal":"1"},{"id":"98","grade_id":"33","slug":"term-2","title":"Term 2","description":"Second Term","ordinal":"2"},{"id":"99","grade_id":"33","slug":"term-3","title":"Term 3","description":"Third Term","ordinal":"3"},{"id":"100","grade_id":"34","slug":"term-1","title":"Term 1","description":"First Term","ordinal":"1"},{"id":"101","grade_id":"34","slug":"term-2","title":"Term 2","description":"Second Term","ordinal":"2"},{"id":"102","grade_id":"34","slug":"term-3","title":"Term 3","description":"Third Term","ordinal":"3"}]