[{"id":"1","category_id":"2","slug":"lower-primary","title":"Lower Primary","description":"Pre-Primary to Grade 3","ordinal":"1"},{"id":"2","category_id":"2","slug":"upper-primary","title":"Upper Primary","description":"Grade 4 to Grade 6","ordinal":"2"},{"id":"3","category_id":"3","slug":"lower-primary","title":"Lower Primary","description":"Pre-Primary to Grade 3","ordinal":"1"},{"id":"4","category_id":"3","slug":"upper-primary","title":"Upper Primary","description":"Grade 4 to Grade 6","ordinal":"2"},{"id":"5","category_id":"4","slug":"lower-primary","title":"Lower Primary","description":"Pre-Primary to Grade 3","ordinal":"1"},{"id":"6","category_id":"4","slug":"upper-primary","title":"Upper Primary","description":"Grade 4 to Grade 6","ordinal":"2"},{"id":"7","category_id":"4","slug":"junior-secondary","title":"Junior Secondary","description":"Grade 7 to Grade 9","ordinal":"3"},{"id":"8","category_id":"4","slug":"secondary","title":"Secondary","description":"Form 1 to Form 4","ordinal":"4"},{"id":"9","category_id":"4","slug":"senior-secondary","title":"Senior Secondary","description":"Grade 10 to Grade 12","ordinal":"5"},{"id":"10","category_id":"4","slug":"college","title":"College","description":"Year 1 to Year 3","ordinal":"6"},{"id":"11","category_id":"5","slug":"lower-primary","title":"Lower Primary","description":"Pre-Primary to Grade 3","ordinal":"1"},{"id":"12","category_id":"5","slug":"upper-primary","title":"Upper Primary","description":"Grade 4 to Grade 6","ordinal":"2"},{"id":"13","category_id":"5","slug":"junior-secondary","title":"Junior Secondary","description":"Grade 7 to Grade 9","ordinal":"3"},{"id":"14","category_id":"5","slug":"secondary","title":"Secondary","description":"Form 1 to Form 4","ordinal":"4"},{"id":"15","category_id":"5","slug":"senior-secondary","title":"Senior Secondary","description":"Grade 10 to Grade 12","ordinal":"5"},{"id":"16","category_id":"6","slug":"junior-secondary","title":"Junior Secondary","description":"Grade 7 to Grade 9","ordinal":"1"},{"id":"17","category_id":"7","slug":"junior-secondary","title":"Junior Secondary","description":"Grade 7 to Grade 9","ordinal":"1"},{"id":"18","category_id":"8","slug":"secondary","title":"Secondary","description":"Form 1 to Form 4","ordinal":"1"},{"id":"19","category_id":"9","slug":"senior-secondary","title":"Senior Secondary","description":"Grade 10 to Grade 12","ordinal":"1"},{"id":"20","category_id":"10","slug":"secondary","title":"Secondary","description":"Form 1 to Form 4","ordinal":"1"},{"id":"21","category_id":"11","slug":"lower-primary","title":"Lower Primary","description":"Pre-Primary to Grade 3","ordinal":"1"},{"id":"22","category_id":"11","slug":"upper-primary","title":"Upper Primary","description":"Grade 4 to Grade 6","ordinal":"2"},{"id":"23","category_id":"11","slug":"junior-secondary","title":"Junior Secondary","description":"Grade 7 to Grade 9","ordinal":"3"},{"id":"24","category_id":"11","slug":"secondary","title":"Secondary","description":"Form 1 to Form 4","ordinal":"4"},{"id":"25","category_id":"11","slug":"senior-secondary","title":"Senior Secondary","description":"Grade 10 to Grade 12","ordinal":"5"},{"id":"26","category_id":"12","slug":"lower-primary","title":"Lower Primary","description":"Pre-Primary to Grade 3","ordinal":"1"},{"id":"27","category_id":"12","slug":"upper-primary","title":"Upper Primary","description":"Grade 4 to Grade 6","ordinal":"2"},{"id":"28","category_id":"12","slug":"junior-secondary","title":"Junior Secondary","description":"Grade 7 to Grade 9","ordinal":"3"},{"id":"29","category_id":"12","slug":"secondary","title":"Secondary","description":"Form 1 to Form 4","ordinal":"4"},{"id":"30","category_id":"12","slug":"senior-secondary","title":"Senior Secondary","description":"Grade 10 to Grade 12","ordinal":"5"},{"id":"31","category_id":"13","slug":"lower-primary","title":"Lower Primary","description":"Pre-Primary to Grade 3","ordinal":"1"},{"id":"32","category_id":"13","slug":"upper-primary","title":"Upper Primary","description":"Grade 4 to Grade 6","ordinal":"2"},{"id":"33","category_id":"13","slug":"junior-secondary","title":"Junior Secondary","description":"Grade 7 to Grade 9","ordinal":"3"},{"id":"34","category_id":"13","slug":"secondary","title":"Secondary","description":"Form 1 to Form 4","ordinal":"4"},{"id":"35","category_id":"13","slug":"senior-secondary","title":"Senior Secondary","description":"Grade 10 to Grade 12","ordinal":"5"},{"id":"36","category_id":"14","slug":"lower-primary","title":"Lower Primary","description":"Pre-Primary to Grade 3","ordinal":"1"},{"id":"37","category_id":"14","slug":"upper-primary","title":"Upper Primary","description":"Grade 4 to Grade 6","ordinal":"2"},{"id":"38","category_id":"14","slug":"junior-secondary","title":"Junior Secondary","description":"Grade 7 to Grade 9","ordinal":"3"},{"id":"39","category_id":"14","slug":"secondary","title":"Secondary","description":"Form 1 to Form 4","ordinal":"4"},{"id":"40","category_id":"14","slug":"senior-secondary","title":"Senior Secondary","description":"Grade 10 to Grade 12","ordinal":"5"},{"id":"41","category_id":"15","slug":"college","title":"College","description":"Year 1 to Year 3","ordinal":"1"},{"id":"42","category_id":"1","slug":"lower-primary","title":"Lower Primary","description":"Pre-Primary to Grade 3","ordinal":"1"},{"id":"43","category_id":"1","slug":"upper-primary","title":"Upper Primary","description":"Grade 4 to Grade 6","ordinal":"2"},{"id":"44","category_id":"1","slug":"junior-secondary","title":"Junior Secondary","description":"Grade 7 to Grade 9","ordinal":"3"},{"id":"45","category_id":"1","slug":"secondary","title":"Secondary","description":"Form 1 to Form 4","ordinal":"4"},{"id":"46","category_id":"1","slug":"senior-secondary","title":"Senior Secondary","description":"Grade 10 to Grade 12","ordinal":"5"},{"id":"47","category_id":"16","slug":"lower-primary","title":"Lower Primary","description":"Pre-Primary to Grade 3","ordinal":"1"},{"id":"48","category_id":"16","slug":"upper-primary","title":"Upper Primary","description":"Grade 4 to Grade 6","ordinal":"2"},{"id":"49","category_id":"16","slug":"junior-secondary","title":"Junior Secondary","description":"Grade 7 to Grade 9","ordinal":"3"},{"id":"50","category_id":"16","slug":"secondary","title":"Secondary","description":"Form 1 to Form 4","ordinal":"4"},{"id":"51","category_id":"16","slug":"senior-secondary","title":"Senior Secondary","description":"Grade 10 to Grade 12","ordinal":"5"},{"id":"52","category_id":"17","slug":"lower-primary","title":"Lower Primary","description":"Pre-Primary to Grade 3","ordinal":"1"},{"id":"53","category_id":"17","slug":"upper-primary","title":"Upper Primary","description":"Grade 4 to Grade 6","ordinal":"2"},{"id":"54","category_id":"17","slug":"junior-secondary","title":"Junior Secondary","description":"Grade 7 to Grade 9","ordinal":"3"},{"id":"55","category_id":"17","slug":"secondary","title":"Secondary","description":"Form 1 to Form 4","ordinal":"4"},{"id":"56","category_id":"17","slug":"senior-secondary","title":"Senior Secondary","description":"Grade 10 to Grade 12","ordinal":"5"},{"id":"57","category_id":"18","slug":"lower-primary","title":"Lower Primary","description":"Pre-Primary to Grade 3","ordinal":"1"},{"id":"58","category_id":"18","slug":"upper-primary","title":"Upper Primary","description":"Grade 4 to Grade 6","ordinal":"2"},{"id":"59","category_id":"18","slug":"junior-secondary","title":"Junior Secondary","description":"Grade 7 to Grade 9","ordinal":"3"},{"id":"60","category_id":"18","slug":"secondary","title":"Secondary","description":"Form 1 to Form 4","ordinal":"4"},{"id":"61","category_id":"18","slug":"senior-secondary","title":"Senior Secondary","description":"Grade 10 to Grade 12","ordinal":"5"},{"id":"62","category_id":"19","slug":"lower-primary","title":"Lower Primary","description":"Pre-Primary to Grade 3","ordinal":"1"},{"id":"63","category_id":"19","slug":"upper-primary","title":"Upper Primary","description":"Grade 4 to Grade 6","ordinal":"2"},{"id":"64","category_id":"19","slug":"junior-secondary","title":"Junior Secondary","description":"Grade 7 to Grade 9","ordinal":"3"},{"id":"65","category_id":"19","slug":"secondary","title":"Secondary","description":"Form 1 to Form 4","ordinal":"4"},{"id":"66","category_id":"19","slug":"senior-secondary","title":"Senior Secondary","description":"Grade 10 to Grade 12","ordinal":"5"},{"id":"67","category_id":"19","slug":"college","title":"College","description":"Year 1 to Year 3","ordinal":"6"}]