email,name,subscription_date,preferences
teacher1@example.com,Mary Wanjiku,2024-01-01,lesson-plans
educator@school.co.ke,John Kamau,2024-01-02,all
principal@academy.ke,Grace Akinyi,2024-01-03,schemes-of-work
info@primaryschool.ke,Peter Mwangi,2024-01-04,assessment-tools
teacher.jane@gmail.com,Jane Njeri,2024-01-05,all
headteacher@school.ac.ke,David Kiprop,2024-01-06,revision-materials
mary.teacher@yahoo.com,Mary Chebet,2024-01-07,all
education@county.go.ke,Samuel Ochieng,2024-01-08,all
teacher.paul@outlook.com,Paul Mutua,2024-01-09,lesson-plans
school.admin@gmail.com,Ruth Wambui,2024-01-10,records-of-work